ID,Address,Rooms,Type,Price,Date,Bathroom,Car,Landsize,Age,Lattitude,Longtitude
ID441936550,414/99 Dow St,2,u,845000.0,7/05/2016,2.0,2.0,2166.0,29.0,-37.8415,144.9412
ID874566543,30 Cedar St,2,h,1001000.0,26/07/2016,2.0,1.0,255.0,129.0,-37.8887,145.0207
ID483823554,5a Compton St,2,u,695000.0,27/05/2017,1.0,1.0,300.0,8.0,-37.80574,145.18832
ID591113817,4/287 Albion St,1,h,412000.0,8/04/2017,1.0,1.0,85.0,119.0,-37.7598,144.9563
ID531857796,1 Ashdown Ct,3,h,671000.0,26/08/2017,1.0,2.0,418.0,89.0,-37.66349,145.03391000000005
ID161329616,4/36 Acacia St,2,t,488500.0,27/06/2016,2.0,1.0,190.0,64.0,-37.7072,144.9241
ID820064845,4/299 Koornang Rd,2,u,804000.0,13/08/2016,2.0,1.0,0.0,26.0,-37.9,145.0548
ID111613108,64 Salisbury St,3,h,1435000.0,18/03/2017,1.0,3.0,633.0,15.0,-37.7608,144.9322
ID165873858,154 Halsey Rd,3,t,840000.0,3/09/2016,2.0,1.0,303.0,3.0,-37.718,144.878
ID637610585,17B McFarlane St,2,h,1085000.0,18/03/2017,2.0,1.0,152.0,44.0,-37.7661,145.0001
ID547210244,34 Ernest St,4,h,890000.0,12/11/2016,1.0,2.0,668.0,89.0,-37.7796,144.845
ID386364637,55 Warburton Rd,3,h,1385000.0,18/06/2016,1.0,1.0,444.0,109.0,-37.826,145.0734
ID604499774,112 McIlwraith St,2,h,1625000.0,16/09/2017,1.0,1.0,253.0,129.0,-37.78243,144.96871000000004
ID323329418,4/62 Moonya Rd,2,u,625000.0,7/11/2016,1.0,1.0,78.0,29.0,-37.8967,145.0627
ID523596587,12 Clifton St,4,h,1720000.0,18/03/2017,3.0,2.0,869.0,69.0,-37.8002,145.0999
ID631095448,54 Ardoyne St,3,h,940000.0,6/05/2017,2.0,2.0,572.0,69.0,-37.7966,144.8256
ID262826214,5 Tuxen Ct,5,h,1655000.0,27/11/2016,2.0,2.0,679.0,69.0,-37.9291,145.0283
ID780208399,3 Kirby Ct,4,h,875000.0,19/08/2017,3.0,4.0,793.0,39.0,-37.88793,145.27561
ID457337147,11 Findon St,2,h,1036000.0,3/12/2016,1.0,1.0,310.0,109.0,-37.8717,145.0399
ID594772133,5/652 Barkly St,2,u,456000.0,28/05/2016,1.0,1.0,0.0,44.0,-37.7966,144.8716
ID256084673,527 Kings Rd,3,h,790500.0,3/06/2017,2.0,2.0,808.0,14.0,-37.6943,144.78187
ID760695323,81 Erin St,3,h,1260000.0,3/09/2016,1.0,0.0,203.0,119.0,-37.8166,144.9945
ID330088714,44 Morley St,4,h,825000.0,30/07/2016,2.0,4.0,768.0,49.0,-37.6979,144.9377
ID261139257,68A Emo Rd,3,h,1625000.0,18/03/2017,2.0,1.0,87.0,29.0,-37.8769,145.05200000000005
ID165608645,8/705 Park St,2,u,601000.0,18/03/2017,1.0,1.0,0.0,49.0,-37.7778,144.9594
ID502936367,7 Celia St,3,h,986000.0,8/04/2017,1.0,3.0,337.0,69.0,-37.9331,145.0586
ID825573150,6 The Woodland,4,h,1678000.0,3/09/2017,2.0,2.0,943.0,49.0,-37.903059999999996,145.18171
ID163806325,36 Hatter St,3,h,1225000.0,27/11/2016,1.0,2.0,528.0,89.0,-37.9066,145.088
ID354250745,16 Nelson St,3,h,1520000.0,25/02/2017,2.0,1.0,0.0,3.0,-37.8363,144.9336
ID377951224,13 Cumquat Ct,4,h,500000.0,29/07/2017,2.0,0.0,579.0,29.0,-38.07202,145.27369
ID118599131,1/65 Keon Pde,3,u,500000.0,12/11/2016,1.0,1.0,359.0,59.0,-37.6957,145.0161
ID281346917,42 Kingsley Rd,3,h,815000.0,26/07/2016,1.0,2.0,550.0,54.0,-37.7208,144.9887
ID287731838,2/59 Smith St,2,h,573000.0,1/07/2017,1.0,1.0,0.0,49.0,-37.76732,144.94098
ID745603264,15 Stanley St,3,h,980000.0,4/03/2017,2.0,3.0,1029.0,69.0,-37.7115,144.9147
ID828913157,1 millgrove St,3,h,890000.0,26/08/2017,1.0,2.0,724.0,39.0,-37.88953,145.22056
ID165682450,12 McLean Ct,4,h,1440000.0,16/09/2017,3.0,6.0,717.0,34.0,-37.87831,145.24575
ID897199905,2/10 Matthews Rd,2,u,485000.0,22/05/2016,2.0,2.0,0.0,8.0,-37.9292,145.0708
ID879976260,581 Waterdale Rd,2,h,532000.0,27/05/2017,2.0,1.0,220.0,69.0,-37.73549000000001,145.0487
ID256678704,5 Barmah Gra,4,h,715000.0,24/06/2017,2.0,2.0,680.0,8.0,-37.612359999999995,144.90753
ID266865044,313/163 Cremorne St,1,u,415000.0,18/03/2017,1.0,1.0,0.0,119.0,-37.8301,144.9904
ID838892392,4 Blanche Ct,3,h,690000.0,3/06/2017,1.0,2.0,479.0,39.0,-37.73251,144.98178000000001
ID532739428,7 Wilks St,3,h,1520000.0,24/06/2017,2.0,2.0,426.0,13.0,-37.86323,145.01428
ID563215720,31 Elizabeth St,2,h,820000.0,10/12/2016,1.0,1.0,597.0,59.0,-37.7402,144.9807
ID822448567,8/33 McIntyre St,3,u,746000.0,17/09/2016,1.0,2.0,308.0,24.0,-37.8505,145.1065
ID827595578,1/65 Thackeray Rd,2,u,470000.0,24/06/2017,1.0,1.0,73.0,69.0,-37.72128,145.00995
ID776113125,4 Trent Ct,4,h,1010000.0,14/05/2016,2.0,2.0,776.0,39.0,-37.7502,144.8745
ID585928734,4/6 May St,2,u,750000.0,3/12/2016,1.0,1.0,0.0,89.0,-37.8791,144.9923
ID824842880,113 Grange Rd,6,h,2800000.0,1/07/2017,2.0,2.0,581.0,3.0,-37.83195,145.01215
ID948320806,3/36 Myrtle Gr,2,u,450000.0,7/11/2016,1.0,1.0,95.0,15.0,-37.7283,144.9991
ID591210070,6 Archibald St,3,h,4000000.0,18/06/2016,1.0,2.0,763.0,74.0,-37.8166,145.1215
ID701423195,9 Derby St,5,h,2250000.0,28/08/2016,5.0,1.0,639.0,9.0,-37.8303,145.0668
ID464161283,10 Anselm Gr,3,h,703000.0,17/09/2016,1.0,4.0,704.0,59.0,-37.7021,144.9136
ID974132848,18 Viewgrand Dr,4,h,975000.0,3/09/2017,3.0,2.0,675.0,14.0,-38.06508,145.35416999999995
ID143543729,14 Delhi St,4,h,1410000.0,23/09/2017,3.0,4.0,623.0,69.0,-37.92588,145.04808
ID493971005,15 Freame St,2,h,1196000.0,8/04/2017,1.0,2.0,451.0,79.0,-37.8178,144.8752
ID295117417,3/50 Airlie Rd,3,t,960000.0,27/05/2017,2.0,2.0,397.0,16.0,-37.72331,145.11909
ID229669478,32 Sweetland Rd,3,h,910000.0,13/05/2017,1.0,2.0,414.0,5.0,-37.8247,145.1359
ID198732881,2A Hillcrest Av,4,h,1850000.0,19/08/2017,3.0,3.0,421.0,19.0,-37.90542,145.00603999999996
ID815934976,39 Taylor St,3,h,1225000.0,12/08/2017,2.0,2.0,674.0,99.0,-37.76389,144.9185
ID842399452,18 Fydler Av,3,h,580000.0,26/08/2017,2.0,2.0,461.0,19.0,-37.74518,144.74708
ID519586969,5/322 Buckley St,2,u,460000.0,14/05/2016,1.0,1.0,0.0,59.0,-37.7545,144.8964
ID790021798,7 Colclough Ct,5,h,960000.0,27/06/2016,3.0,2.0,387.0,19.0,-37.7225,144.9055
ID469687608,32 Ailsa Gr,3,h,1850000.0,18/03/2017,2.0,2.0,684.0,19.0,-37.7659,145.0392
ID236605142,1/3 Greig Ct,2,u,635000.0,22/07/2017,1.0,1.0,371.0,10.0,-37.87872,144.98893999999999
ID777226451,110/3 Hoddle St,1,u,415000.0,7/11/2016,1.0,1.0,3701.0,14.0,-37.809,144.9911
ID778187047,57 Charles St,2,h,850000.0,1/07/2017,1.0,1.0,152.0,109.0,-37.80697,144.8928
ID486880087,44 Quarry Cct,2,u,425000.0,30/07/2016,2.0,1.0,0.0,49.0,-37.7363,144.9723
ID237833607,9 Sussex St,5,h,4700000.0,12/11/2016,3.0,2.0,1073.0,8.0,-37.918,144.9911
ID604130023,76 Kenmare St,2,h,650000.0,26/08/2017,1.0,1.0,210.0,13.0,-37.70657,145.07878
ID418622682,17a Edinburgh St,3,t,830000.0,4/06/2016,2.0,2.0,292.0,7.0,-37.9168,145.069
ID440818609,5 Echo Av,4,h,496000.0,8/07/2017,2.0,2.0,448.0,11.0,-37.84688,144.68182
ID740681970,6 Chester St,3,h,1360000.0,4/06/2016,2.0,1.0,704.0,79.0,-37.852,145.0942
ID174422480,1 Kingswood Av,3,h,1150000.0,8/07/2017,2.0,3.0,650.0,12.0,-37.894690000000004,145.12363
ID727743559,4/60 Henty St,2,u,380000.0,8/10/2016,1.0,1.0,149.0,39.0,-37.7177,144.9917
ID452045394,18 Stewart St,3,h,1455000.0,23/09/2017,2.0,2.0,351.0,109.0,-37.81111,144.88759
ID564616291,19 Victor Cr,3,h,1011000.0,22/07/2017,1.0,1.0,590.0,59.0,-37.84308,145.168
ID196205527,3/48 Deakin St,3,u,700000.0,22/04/2017,1.0,1.0,227.0,14.0,-37.7496,144.892
ID539636294,11/74 Barkly St,2,u,902000.0,29/04/2017,1.0,1.0,18.0,89.0,-37.8624,144.9823
ID253056592,41 Patricia St,4,h,1250000.0,19/08/2017,2.0,2.0,534.0,49.0,-37.74514,144.87313
ID129664517,50 Carlisle Rd,5,h,1100000.0,17/06/2017,3.0,2.0,836.0,18.0,-37.8801,145.26011
ID484634269,16 Marian St,4,h,3399000.0,27/05/2017,2.0,2.0,446.0,17.0,-37.82785,145.03816
ID942990521,6/57 Adams St,2,u,747500.0,22/07/2017,1.0,1.0,0.0,11.0,-37.83564000000001,144.97728999999995
ID903377090,5/81 morang Rd,1,u,317500.0,8/04/2017,1.0,0.0,0.0,62.0,-37.826,145.0239
ID732298332,4/71 Rosanna Rd,3,t,550000.0,6/08/2016,1.0,2.0,235.0,29.0,-37.7519,145.0696
ID524087924,203/140 Gipps St,2,u,1935000.0,16/07/2016,2.0,2.0,0.0,9.0,-37.8127,144.9847
ID751372123,1/3 Boldrewood Pde,3,h,500000.0,8/10/2016,1.0,1.0,320.0,15.0,-37.7248,145.023
ID321374619,2/46 Wattle Valley Rd,2,u,1016000.0,30/07/2016,1.0,2.0,0.0,7.0,-37.8291,145.0826
ID362113762,1109/800 Chapel St,2,u,857000.0,1/07/2017,2.0,2.0,0.0,19.0,-37.83613,144.99661
ID815353229,2/74 Daley St,3,t,555000.0,3/12/2016,2.0,2.0,244.0,59.0,-37.6969,144.9299
ID505376326,28 Lily St,3,h,1310000.0,28/08/2016,2.0,1.0,229.0,129.0,-37.8032,144.8892
ID551929443,21 Taylors Rd,4,h,1120000.0,8/07/2017,2.0,2.0,864.0,11.0,-37.807179999999995,145.28581
ID642216509,13 Anthony Cl,5,h,880000.0,1/07/2017,2.0,2.0,725.0,11.0,-37.72399,145.12069
ID641898797,39 Barry St,3,h,1710000.0,4/06/2016,1.0,1.0,247.0,129.0,-37.7798,144.9952
ID490368107,2 Scott St,2,h,1790000.0,3/06/2017,2.0,2.0,460.0,61.0,-37.83432,145.04152
ID216723944,68 Mortimore St,3,h,1350000.0,24/09/2016,1.0,1.0,617.0,7.0,-37.9282,145.047
ID798738902,48 Barry St,3,h,1676000.0,16/07/2016,1.0,2.0,401.0,24.0,-37.7801,144.9954
ID592993053,8/3 Carnarvon St,3,u,700000.0,4/06/2016,2.0,2.0,0.0,12.0,-37.7862,145.1235
ID300585203,25 Clydesdale Rd,3,h,985000.0,29/04/2017,1.0,1.0,841.0,11.0,-37.7251,144.8785
ID315010416,27 Gerald St,4,h,1850000.0,16/09/2017,2.0,2.0,628.0,7.0,-37.82942,145.16714
ID601656261,15 Orford St,2,h,956000.0,27/06/2016,1.0,2.0,435.0,99.0,-37.7692,144.9042
ID397342613,7 Collinson St,3,h,690000.0,17/06/2017,1.0,2.0,650.0,41.0,-37.72529,144.85682
ID185032023,30 Carrington Rd,3,h,1312000.0,6/05/2017,1.0,1.0,650.0,69.0,-37.7375,144.8885
ID530645359,3/859 Toorak Rd,3,t,1590000.0,19/11/2016,2.0,2.0,289.0,9.0,-37.8451,145.0525
ID773496767,7/88 Stephen St,2,u,782000.0,4/03/2017,1.0,1.0,1555.0,6.0,-37.8156,144.8943
ID372700032,3/566 Glenferrie Rd,2,u,587500.0,16/07/2016,1.0,1.0,1099.0,54.0,-37.8271,145.0347
ID835730553,53 Primrose Av,3,t,795000.0,23/09/2017,2.0,2.0,138.0,6.0,-37.956559999999996,145.06926
ID958212492,7 Balfour St,4,h,1940000.0,3/09/2016,2.0,2.0,682.0,59.0,-37.9205,145.0122
ID231586348,8/16 Wattletree Rd,2,u,690000.0,22/04/2017,1.0,2.0,0.0,39.0,-37.8611,145.0174
ID669156761,76 Walpole St,2,h,1507000.0,15/10/2016,1.0,2.0,667.0,59.0,-37.8007,145.0327
ID633276581,10/14 Cromwell Rd,2,u,499000.0,8/04/2017,1.0,1.0,0.0,49.0,-37.8452,145.0001
ID375553388,1a Court St,2,h,796000.0,4/06/2016,1.0,1.0,188.0,6.0,-37.8184,144.8809
ID771040350,7 Longview St,3,h,792000.0,24/09/2016,1.0,2.0,582.0,49.0,-37.724000000000004,144.9333
ID243132493,3/7 Mattea Ct,2,u,380000.0,13/08/2016,1.0,1.0,220.0,8.0,-37.7327,145.0347
ID837368581,201/77 Abinger St,1,u,400000.0,23/09/2017,1.0,1.0,4425.0,7.0,-37.82009,145.0038
ID189197165,24 McConnell St,2,h,1150000.0,17/06/2017,1.0,0.0,147.0,129.0,-37.79067,144.92844
ID624921178,6/51 Murrumbeena Rd,2,u,582000.0,13/05/2017,1.0,2.0,1113.0,9.0,-37.8892,145.0664
ID287664692,68 Thompson St,3,h,680000.0,6/08/2016,1.0,2.0,570.0,49.0,-37.7591,144.8542
ID688478521,26 Stymie St,5,h,1250000.0,17/06/2017,3.0,2.0,544.0,79.0,-37.71499,145.02966999999995
ID617231852,87 Frawley Rd,3,h,1300000.0,8/07/2017,2.0,2.0,1801.0,14.0,-38.00128,145.27213
ID814563182,200 Nicholson St,2,h,1012500.0,28/05/2016,1.0,0.0,182.0,119.0,-37.8021,144.9976
ID152775044,42a Essex Rd,4,h,1725000.0,18/06/2016,2.0,2.0,798.0,44.0,-37.8308,145.0916
ID850691570,118 Marshall Rd,3,h,640000.0,1/07/2017,1.0,2.0,219.0,59.0,-37.71655,144.88155
ID262153167,106/233 Dandenong Rd,1,u,300000.0,15/10/2016,1.0,1.0,0.0,9.0,-37.8584,144.9994
ID419465629,37 Vale St,2,h,935000.0,8/04/2017,1.0,1.0,537.0,49.0,-37.7269,144.988
ID649906601,32 Holloway Rd,3,h,1405000.0,27/05/2017,2.0,2.0,401.0,99.0,-37.76491,144.95253
ID569881670,202/8 Bond St,2,u,850000.0,3/12/2016,2.0,2.0,0.0,5.0,-37.8411,144.9944
ID518586127,9 Lofty Av,5,h,2450000.0,16/09/2017,3.0,2.0,570.0,93.0,-37.841359999999995,145.08149
ID766161979,780 Brunswick St,3,h,1371000.0,10/09/2016,1.0,1.0,197.0,119.0,-37.7835,144.9816
ID307656160,1/178 Murrumbeena Rd,2,t,720000.0,23/04/2016,2.0,2.0,1318.0,11.0,-37.8969,145.0654
ID482025007,183 Cubitt St,2,h,895000.0,15/10/2016,1.0,0.0,138.0,139.0,-37.832,144.99200000000005
ID985997852,29 Faussett St,2,h,2120000.0,10/09/2016,1.0,1.0,199.0,119.0,-37.8422,144.9554
ID131985722,13 Wheatland Cr,4,h,955000.0,3/09/2017,2.0,2.0,615.0,24.0,-37.967459999999996,145.12788
ID756892429,11/16 Byron St,1,u,326000.0,27/06/2016,1.0,1.0,0.0,14.0,-37.8768,144.9905
ID874640877,28 Corsair St,2,h,1145000.0,18/06/2016,1.0,0.0,170.0,109.0,-37.8226,145.0064
ID399531713,118 Wood St,3,h,1020000.0,13/05/2017,2.0,2.0,670.0,84.0,-37.7353,145.0232
ID358254857,17 Chinnock Ct,5,h,680000.0,24/06/2017,3.0,2.0,646.0,119.0,-37.59902,144.92517
ID868427556,1/2 Dakara Cl,3,u,420000.0,22/07/2017,1.0,1.0,658.0,29.0,-37.64821,144.92526999999995
ID508971962,54 Palmerston Cr,3,h,1210000.0,9/09/2017,2.0,0.0,149.0,119.0,-37.834740000000004,144.96917
ID143519040,35 Leander St,2,h,835000.0,22/08/2016,1.0,1.0,222.0,99.0,-37.7962,144.8844
ID304756888,37 Roberts St,3,h,891000.0,18/06/2016,3.0,1.0,292.0,21.0,-37.7505,144.8657
ID940574340,124 Northumberland Dr,4,h,598000.0,3/06/2017,2.0,3.0,558.0,44.0,-37.64262,145.0407
ID582231378,59 Robinson St,2,h,1020000.0,1/07/2017,1.0,1.0,269.0,125.0,-37.75782,144.92088
ID988707448,11 Station St,3,h,725000.0,23/04/2016,1.0,0.0,238.0,119.0,-37.7539,144.9612
ID889283006,12 Lewis St,4,h,793000.0,6/05/2017,1.0,2.0,677.0,49.0,-37.7088,144.9204
ID529441015,1/9 Indwe St,3,t,620000.0,15/10/2016,1.0,2.0,255.0,18.0,-37.8038,144.8679
ID402990300,27 Celia St,3,h,1825000.0,17/09/2016,1.0,2.0,652.0,69.0,-37.8552,145.0785
ID428574998,14/18 King St,2,u,537000.0,10/12/2016,1.0,1.0,0.0,49.0,-37.8838,145.0095
ID542584940,46 Head St,4,h,2400000.0,13/08/2016,2.0,2.0,640.0,28.0,-37.891999999999996,144.9918
ID476966486,4 Thompson St,3,h,1708000.0,4/03/2017,1.0,1.0,703.0,59.0,-37.9058,145.028
ID799687297,5 Margaret St,2,h,1780000.0,7/05/2016,3.0,2.0,635.0,84.0,-37.9205,145.0102
ID803902543,466 Auburn Rd,4,h,1800000.0,22/08/2016,2.0,4.0,601.0,79.0,-37.839,145.0418
ID966038922,25 Westmore Dr,5,h,932000.0,9/09/2017,2.0,2.0,543.0,39.0,-37.83145,145.22826
ID695302599,5 Alice St,3,h,1100000.0,23/09/2017,2.0,2.0,603.0,15.0,-37.97462,145.07906
ID747358052,8/42 Wests Rd,2,t,355000.0,4/06/2016,1.0,1.0,0.0,15.0,-37.7716,144.882
ID893287854,1411 Dandenong Rd,4,h,1290000.0,13/05/2017,2.0,2.0,395.0,109.0,-37.8914,145.0842
ID972218673,3 Longfield St,3,h,1400000.0,27/11/2016,1.0,2.0,0.0,119.0,-37.8211,145.0114
ID546012517,1/41 Elizabeth St,3,u,1025000.0,4/03/2017,2.0,2.0,384.0,20.0,-37.9229,145.0557
ID253627235,19/995 Burke Rd,2,u,555000.0,24/06/2017,1.0,1.0,2685.0,69.0,-37.82277,145.0581
ID275111708,20 Grace St,3,h,1450000.0,25/02/2017,2.0,2.0,542.0,3.0,-37.811,144.8844
ID311229623,222 Rae St,3,h,1852000.0,1/07/2017,2.0,1.0,138.0,119.0,-37.78714,144.97966
ID512427265,302/366 Church St,2,u,712000.0,26/07/2016,1.0,1.0,0.0,7.0,-37.823,144.9982
ID666176744,12 Walpa Ct,3,h,616000.0,9/09/2017,1.0,3.0,681.0,18.0,-37.673320000000004,144.9022
ID378048952,3 Mustang Ct,3,h,1500000.0,22/08/2016,2.0,2.0,710.0,74.0,-37.8653,145.0897
ID391543170,18 Murray Dr,4,h,1800000.0,18/06/2016,2.0,2.0,1393.0,56.0,-37.8463,145.102
ID816475337,2005/39 Coventry St,2,u,690000.0,23/04/2016,3.0,1.0,0.0,6.0,-37.8295,144.9692
ID935102575,64 Twyford St,4,h,3130000.0,4/06/2016,2.0,2.0,897.0,99.0,-37.8679,144.899
ID809945758,250 Oriel Rd,3,h,808000.0,11/02/2017,1.0,0.0,649.0,49.0,-37.7386,145.0441
ID172053943,3 Portland St,3,h,3020000.0,14/05/2016,2.0,2.0,389.0,8.0,-37.8214,144.9951
ID507698396,7/59 Rathmines St,2,u,445000.0,10/12/2016,1.0,1.0,0.0,49.0,-37.7782,145.0162
ID748072263,4 Baker Pde,3,h,1500000.0,22/05/2016,1.0,2.0,545.0,29.0,-37.8605,145.0833
ID578612678,28 Ray St,4,h,583000.0,15/07/2017,1.0,2.0,757.0,49.0,-37.97369000000001,145.19714
ID534184017,11/2 Theodore Ct,2,u,725000.0,8/07/2017,1.0,1.0,0.0,59.0,-37.83532,145.0216
ID472111750,15 Compton St,3,h,2050000.0,3/06/2017,2.0,3.0,779.0,89.0,-37.83271,145.08414
ID968816694,2/2 Walter St,3,t,970000.0,1/07/2017,2.0,1.0,263.0,3.0,-37.8179,145.20658
ID959321868,704/668 Swanston St,2,u,795000.0,10/12/2016,2.0,1.0,0.0,119.0,-37.8009,144.9642
ID504732718,20 Dunbar Ct,3,h,685000.0,3/09/2017,1.0,2.0,888.0,79.0,-37.66075,145.01133000000004
ID236348977,275A Koornang Rd,2,h,920000.0,17/06/2017,1.0,1.0,431.0,99.0,-37.89785,145.05524
ID532672246,3/32 Kumara Cct,3,t,420000.0,8/07/2017,2.0,2.0,155.0,8.0,-37.63478,145.08486000000005
ID945114088,1/164 Leamington St,1,u,216000.0,24/09/2016,1.0,1.0,0.0,49.0,-37.7111,144.9919
ID774127996,16A Manning Rd,3,h,2273000.0,3/12/2016,3.0,1.0,376.0,89.0,-37.8727,145.0458
ID311229623,222 Rae St,3,h,1852000.0,1/07/2017,2.0,1.0,138.0,119.0,-37.78714,144.97966
ID405577227,8 Scotia St,3,h,1210000.0,3/06/2017,2.0,2.0,515.0,99.0,-37.74794,144.99111000000005
ID889217235,4 Farnham St,3,h,1115000.0,27/11/2016,1.0,1.0,244.0,79.0,-37.7823,144.9278
ID150513029,2/557 Canterbury Rd,4,t,975000.0,3/06/2017,2.0,2.0,0.0,11.0,-37.83368,145.20408999999995
ID800247295,17 Norma St,2,h,621000.0,1/07/2017,1.0,0.0,610.0,80.0,-37.67629,145.15589
ID122934090,7 Perisher Dr,3,h,425000.0,24/06/2017,2.0,2.0,263.0,11.0,-37.57307,144.92513
ID988112263,25/388 Toorak Rd,2,u,627500.0,13/08/2016,1.0,1.0,0.0,49.0,-37.8407,145.004
ID116935232,38 Dalny Rd,3,h,1060000.0,7/05/2016,1.0,2.0,595.0,62.0,-37.9027,145.0684
ID463755453,15 Huntingdon Rd,2,h,1575000.0,3/09/2017,1.0,5.0,587.0,39.0,-37.91567,145.05357
ID389745310,1/54 Furneaux Gr,5,h,760000.0,20/05/2017,2.0,2.0,411.0,64.0,-37.7784,145.091
ID511309120,51/167 Fitzroy St,3,u,1600000.0,25/02/2017,2.0,2.0,0.0,169.0,-37.8584,144.9802
ID511072344,32 Maylands Cr,5,h,1182000.0,22/07/2017,2.0,3.0,650.0,44.0,-37.90383,145.17166
ID498630776,14 Norfolk Av,4,h,935000.0,16/09/2017,3.0,2.0,540.0,39.0,-37.82782,145.22506
ID335484008,32 College St,2,h,1620000.0,20/05/2017,1.0,1.0,201.0,114.0,-37.8173,145.0246
ID969949609,10 Volga St,3,h,719000.0,8/10/2016,1.0,4.0,692.0,39.0,-37.7084,144.9412
ID830022887,1/94 Railway Pde,4,t,605000.0,6/08/2016,2.0,1.0,215.0,29.0,-37.7247,144.9257
ID117871575,5/133 Maud St,2,u,560000.0,27/11/2016,1.0,1.0,0.0,69.0,-37.7961,145.0808
ID706383268,5/2 Griffiths St,2,u,420000.0,10/12/2016,1.0,0.0,207.0,49.0,-37.7145,144.9962
ID129015638,95 Chomley St,2,h,1250000.0,12/08/2017,1.0,0.0,192.0,109.0,-37.85562,145.00571000000005
ID937220206,34 Hunter St,3,h,1390000.0,20/05/2017,2.0,2.0,585.0,32.0,-37.9027,145.0582
ID132711076,4/69 Wattle Valley Rd,2,u,913000.0,8/04/2017,1.0,1.0,0.0,99.0,-37.8322,145.0816
ID760783240,8 Tourello St,3,h,960000.0,24/06/2017,1.0,0.0,781.0,34.0,-37.8105,145.20106
ID960675222,17 Stephens St,4,h,3360000.0,16/04/2016,3.0,1.0,904.0,16.0,-37.797,145.086
ID185045662,44 Walter St,3,h,1381500.0,25/02/2017,2.0,2.0,416.0,119.0,-37.7727,144.9055
ID804169638,20 Pearce St,3,h,1052000.0,24/06/2017,1.0,0.0,801.0,69.0,-37.85541,145.12836000000001
ID256639979,37 Illuka Cr,5,h,2420000.0,16/09/2017,5.0,2.0,757.0,44.0,-37.8875,145.14467
ID418977248,98 Canterbury St,2,h,1090000.0,3/09/2017,1.0,2.0,263.0,129.0,-37.781279999999995,144.92325
ID343893315,753 Gilbert Rd,3,h,755000.0,9/09/2017,1.0,1.0,482.0,54.0,-37.7197,144.99295
ID185896175,22/14 Crimea St,1,u,350000.0,8/04/2017,1.0,1.0,1236.0,51.0,-37.8585,144.9884
ID347561773,122 McIntosh Rd,3,h,590000.0,23/04/2016,1.0,2.0,561.0,11.0,-37.8444,144.8491
ID605109270,3/10 Kendall St,2,u,702500.0,4/03/2017,1.0,1.0,168.0,11.0,-37.758,144.9311
ID866881669,1/177 Oakleigh Rd,2,u,586000.0,4/03/2017,1.0,1.0,898.0,49.0,-37.9003,145.0634
ID686740375,30 Godley St,4,h,895500.0,12/11/2016,2.0,4.0,864.0,79.0,-37.7034,144.9886
ID366569992,2a Alexandra St,3,h,1056800.0,28/05/2016,2.0,1.0,90.0,125.0,-37.8406,144.9864
ID146225382,6/43 Milton St,2,u,590000.0,10/09/2016,1.0,1.0,0.0,49.0,-37.8757,144.9853
ID538535193,2 Bazentin St,3,h,570000.0,1/07/2017,1.0,0.0,423.0,99.0,-37.77917,144.82223
ID779065262,328 Carrick Dr,5,h,675000.0,17/06/2017,2.0,2.0,565.0,44.0,-37.68302,144.89327
ID374094344,3/700 Canterbury Rd,2,u,682000.0,6/05/2017,1.0,2.0,119.0,69.0,-37.8271,145.1032
ID203693116,7/19 Redan St,2,u,550000.0,30/07/2016,1.0,1.0,1357.0,59.0,-37.8601,144.9898
ID367537927,5/69 Hamilton St,1,u,345000.0,16/04/2016,1.0,1.0,0.0,49.0,-37.8111,144.887
ID588216392,103/8 Howard St,1,u,380000.0,22/05/2016,1.0,1.0,0.0,59.0,-37.8331,144.9975
ID602891061,16 Cliff St,3,h,1630000.0,27/11/2016,2.0,2.0,563.0,49.0,-37.7579,144.9114
ID572953328,32 Fernhill Dr,4,h,1281000.0,16/09/2017,2.0,2.0,566.0,19.0,-37.97215,145.12389
ID549654081,2/1 Sturrock St,2,u,620000.0,17/09/2016,1.0,1.0,135.0,44.0,-37.7583,144.9756
ID626984855,1003/123 Pelham St,2,u,1100000.0,27/05/2017,2.0,2.0,0.0,11.0,-37.80279,144.96442
ID642610740,54 Northcote Av,4,h,2360000.0,12/08/2017,3.0,2.0,848.0,93.0,-37.81462,145.08776
ID784567420,53 Park Rd,3,h,2567500.0,19/08/2017,2.0,2.0,1004.0,54.0,-37.83603,145.10596
ID672532920,20 Kirkwood Dr,5,h,2740000.0,28/08/2016,2.0,2.0,643.0,14.0,-37.8421,145.0719
ID604499774,112 McIlwraith St,2,h,1625000.0,16/09/2017,1.0,1.0,253.0,129.0,-37.78243,144.96871000000004
ID388953497,192 Wood St,4,h,870000.0,27/11/2016,1.0,2.0,400.0,129.0,-37.7346,145.0164
ID155503361,105 William St,3,h,700000.0,29/07/2017,1.0,2.0,625.0,49.0,-37.67427,145.02961000000005
ID601551075,48 Charles St,2,h,1343000.0,6/05/2017,1.0,1.0,263.0,7.0,-37.777,144.99200000000005
ID727743559,4/60 Henty St,2,u,380000.0,8/10/2016,1.0,1.0,149.0,39.0,-37.7177,144.9917
ID256084673,527 Kings Rd,3,h,790500.0,3/06/2017,2.0,2.0,808.0,14.0,-37.6943,144.78187
ID350445038,9 Yawla St,4,h,2255000.0,10/12/2016,3.0,2.0,557.0,11.0,-37.9132,145.0251
ID346972925,63 Nolan St,4,h,1370000.0,9/09/2017,3.0,2.0,634.0,2.0,-37.741009999999996,144.88478
ID565236577,1/14 Paxton St,2,u,655000.0,12/08/2017,1.0,1.0,306.0,14.0,-37.804359999999996,145.23338999999999
ID555853887,11 Pamela St,3,h,1451000.0,16/09/2017,2.0,1.0,730.0,49.0,-37.88494,145.11951000000005
ID357027683,116 Charles St,3,h,1650000.0,10/12/2016,3.0,1.0,209.0,14.0,-37.8467,144.9897
ID424976316,95 Marion St,3,h,1070000.0,3/09/2017,1.0,3.0,693.0,69.0,-37.83511,144.84905
ID658903518,171 Bridge St,2,h,1240000.0,3/12/2016,1.0,0.0,0.0,69.0,-37.836,144.9419
ID803434454,24 Abraham Dr,4,h,720000.0,27/05/2017,2.0,3.0,879.0,119.0,-37.79079,145.30208000000005
ID390307926,32 Cameron St,3,h,1555000.0,7/11/2016,1.0,0.0,250.0,119.0,-37.8167,144.9978
ID266107094,15 Gould St,3,h,2400000.0,10/09/2016,2.0,2.0,835.0,109.0,-37.9225,144.991
ID545903453,17 Knutsford St,3,h,3401000.0,27/11/2016,2.0,1.0,706.0,89.0,-37.8161,145.0748
ID321499434,11 Eucalyptus Dr,3,t,680000.0,20/05/2017,3.0,2.0,2787.0,7.0,-37.7794,144.872
ID820761064,46 Dunne St,3,h,980000.0,8/10/2016,1.0,1.0,907.0,59.0,-37.7143,145.039
ID532557305,28 Walnut Rd,4,h,1950000.0,14/05/2016,3.0,2.0,665.0,49.0,-37.7889,145.0904
ID197537515,95 Orange Gr,4,h,925000.0,17/06/2017,1.0,10.0,993.0,53.0,-37.84688,145.25632
ID614701491,87 Phillips St,3,h,1210000.0,3/09/2017,1.0,4.0,460.0,99.0,-37.745129999999996,144.95458
ID611255412,12/48 Oxley Rd,2,u,743000.0,24/09/2016,1.0,2.0,0.0,129.0,-37.8249,145.0405
ID816292043,5 Bullarto St,2,h,1002000.0,13/08/2016,1.0,1.0,585.0,69.0,-37.8792,145.0948
ID219011726,23 Wills St,3,h,1912000.0,28/05/2016,1.0,2.0,844.0,59.0,-37.8037,145.0636
ID436312564,54 Capon St,2,h,2412000.0,25/02/2017,1.0,4.0,1220.0,59.0,-37.8846,145.08700000000005
ID737914973,73 Charman Rd,4,h,1221000.0,1/07/2017,2.0,3.0,554.0,94.0,-37.98139000000001,145.05251
ID596534947,112 Belmore Rd,5,h,3020000.0,28/05/2016,3.0,2.0,715.0,10.0,-37.8028,145.0768
ID463249488,39 Mason St,4,h,786000.0,16/04/2016,3.0,1.0,595.0,6.0,-37.7283,145.0072
ID537740766,6/14 Shelley St,2,u,599999.0,3/12/2016,1.0,0.0,0.0,18.0,-37.8808,144.9847
ID515872720,2/360 Carlisle St,2,u,820000.0,19/11/2016,1.0,1.0,0.0,59.0,-37.8691,144.9974
ID510562503,14 Indra Rd,3,h,1264000.0,24/06/2017,1.0,2.0,579.0,59.0,-37.83831,145.13985
ID921143680,17/30 Miles St,2,u,625000.0,12/08/2017,1.0,1.0,0.0,59.0,-37.8281,144.96627
ID984326092,2/25 Acland St,2,t,1077000.0,13/05/2017,1.0,1.0,455.0,129.0,-37.8636,144.9749
ID262214229,6 Bolden St,5,h,1401000.0,19/11/2016,2.0,2.0,580.0,79.0,-37.7539,145.0577
ID234570600,11 Raleigh St,3,h,770000.0,16/04/2016,1.0,0.0,438.0,99.0,-37.754,144.92600000000004
ID264016279,33 Welfare Pde,3,h,1688000.0,26/08/2017,1.0,2.0,717.0,109.0,-37.85918,145.083
ID611556402,282 Glenlyon Rd,3,h,1141000.0,16/04/2016,1.0,1.0,378.0,129.0,-37.7739,144.9819
ID317984617,11 Craigielea Av,2,h,610000.0,15/07/2017,1.0,2.0,419.0,44.0,-37.7398,144.80348
ID895641425,1/59 Leicester St,3,t,1520000.0,12/11/2016,2.0,2.0,0.0,129.0,-37.7951,144.9776
ID220405465,12 Melrose St,3,h,1300000.0,28/05/2016,2.0,2.0,138.0,18.0,-37.8288,144.9891
ID977097337,204/8 Balmain St,1,u,405000.0,16/07/2016,1.0,1.0,0.0,12.0,-37.8299,144.9907
ID679749255,165 Hilton St,4,h,630000.0,27/11/2016,2.0,2.0,602.0,69.0,-37.7005,144.9258
ID433345119,5/2 Ormond Rd,3,t,700000.0,15/07/2017,2.0,2.0,125.0,6.0,-37.80735,144.87361
ID360596026,10/11 Grandview Gr,2,u,550000.0,12/11/2016,1.0,1.0,0.0,52.0,-37.8222,145.0566
ID968816694,2/2 Walter St,3,t,970000.0,1/07/2017,2.0,1.0,263.0,3.0,-37.8179,145.20658
ID390070854,72d Oakover Rd,3,t,875000.0,24/06/2017,2.0,2.0,214.0,79.0,-37.74886,144.99225
ID702797389,13 Woolart St,3,h,910000.0,15/10/2016,1.0,2.0,692.0,59.0,-37.7217,144.9074
ID132702719,2 Birtles Ct,5,h,3000000.0,18/06/2016,5.0,2.0,671.0,29.0,-37.8025,145.0665
ID408199380,30 Mountfield St,2,h,1073000.0,28/08/2016,1.0,1.0,182.0,109.0,-37.7629,144.968
ID492799043,45 Lord St,2,h,1130000.0,4/03/2017,2.0,3.0,114.0,14.0,-37.8212,145.005
ID478388218,18/170 St Kilda Rd,3,u,720000.0,27/11/2016,1.0,1.0,0.0,89.0,-37.8612,144.985
ID646029122,3 Park Pl,1,u,760500.0,4/06/2016,0.0,0.0,438.0,18.0,-37.8353,144.96
ID833751307,38 Gretel Gr,4,h,320000.0,1/07/2017,2.0,1.0,547.0,33.0,-37.690259999999995,144.57866
ID717561058,2/36 May St,3,h,675000.0,14/05/2016,2.0,2.0,171.0,7.0,-37.8337,144.8554
ID764948892,101/218 High St,2,u,500000.0,4/03/2017,1.0,1.0,710.0,9.0,-37.8636,145.0794
ID505438149,61 Glenard Dr,4,h,2050000.0,15/10/2016,3.0,2.0,723.0,69.0,-37.7615,145.0705
ID594372095,2/129 Brighton Rd,2,u,684000.0,19/11/2016,1.0,0.0,0.0,89.0,-37.875,144.991
ID337892117,717 Brunswick St,3,h,1300000.0,27/11/2016,2.0,0.0,127.0,129.0,-37.7851,144.9809
ID867356286,65B Hotham St,2,h,1320000.0,4/03/2017,2.0,1.0,0.0,119.0,-37.7969,144.9885
ID591231645,11/276 Domain Rd,1,u,430000.0,3/09/2016,1.0,1.0,0.0,49.0,-37.8351,144.9909
ID907871980,1/33 McComas St,2,h,498000.0,7/11/2016,1.0,3.0,310.0,84.0,-37.7288,145.0224
ID961538877,68 Nyah St,3,h,1001000.0,17/06/2017,1.0,2.0,605.0,41.0,-37.73137,144.86882
ID614701491,87 Phillips St,3,h,1210000.0,3/09/2017,1.0,4.0,460.0,99.0,-37.745129999999996,144.95458
ID858112925,74 Vine St,3,h,1320000.0,8/07/2017,1.0,2.0,459.0,39.0,-37.7693,144.93415
ID509149679,49 Romano Av,4,h,550000.0,8/07/2017,2.0,1.0,531.0,49.0,-37.65121,145.05404
ID537683202,68b Derby St,4,h,1310000.0,12/06/2016,2.0,2.0,282.0,49.0,-37.7709,145.0057
ID529645000,33 Richelieu St,2,h,650000.0,22/07/2017,1.0,2.0,249.0,29.0,-37.788909999999994,144.87114
ID176997884,36/3 Seisman Pl,2,u,1340000.0,3/12/2016,2.0,2.0,21700.0,19.0,-37.8424,144.9449
ID805710941,1 Chatsworth Rd,2,h,1090000.0,10/09/2016,1.0,1.0,158.0,49.0,-37.8531,145.0063
ID599795609,6 Viva St,4,h,2690000.0,26/08/2017,2.0,2.0,647.0,109.0,-37.86133,145.04166999999995
ID198895491,11 Mais St,4,h,905000.0,8/04/2017,2.0,2.0,696.0,54.0,-37.7074,145.0276
ID327334119,1 Menzies St,2,h,670000.0,13/08/2016,1.0,2.0,551.0,49.0,-37.7825,144.8545
ID542549259,21a Station Rd,3,t,935000.0,16/04/2016,2.0,1.0,233.0,17.0,-37.8573,144.8911
ID924588460,24 Clarence St,3,h,1940000.0,20/05/2017,2.0,2.0,439.0,107.0,-37.891999999999996,145.0103
ID833172083,75 Pound Rd,4,h,622000.0,8/07/2017,2.0,2.0,654.0,30.0,-38.02683,145.25871
ID413858166,3/30 Beaumont Pde,1,h,280000.0,15/07/2017,1.0,1.0,45.0,49.0,-37.80728,144.86702
ID693268802,78 Dickens St,4,h,2200000.0,27/06/2016,3.0,2.0,348.0,119.0,-37.8748,144.9778
ID986691036,7/3 Ashley St,2,h,450000.0,1/07/2017,2.0,2.0,74.0,18.0,-37.84646,145.22591
ID639194349,13 Willow Av,3,h,990000.0,16/09/2017,1.0,1.0,680.0,16.0,-37.82077,145.20391
ID470454707,12 Armagh Cr,4,h,1323000.0,26/08/2017,2.0,2.0,551.0,38.0,-37.87608,145.2239
ID517939970,407/57 Toorak Rd,1,u,450000.0,15/10/2016,1.0,1.0,0.0,6.0,-37.8384,144.9886
ID370318847,130 Keele St,2,h,890000.0,3/09/2016,1.0,1.0,178.0,119.0,-37.7974,144.9915
ID148125581,37 Wellington St,4,h,4000000.0,19/08/2017,2.0,3.0,792.0,114.0,-37.809259999999995,145.0331
ID300385578,61 Truro Cr,3,h,680000.0,9/09/2017,2.0,2.0,651.0,28.0,-37.69727,144.79371
ID458782056,33 Livingstone St,3,h,1535000.0,15/10/2016,1.0,2.0,691.0,69.0,-37.7674,145.0392
ID948938310,39 Otter St,3,h,1300000.0,20/05/2017,1.0,1.0,209.0,24.0,-37.8011,144.9861
ID147564790,1A Merritt Ct,3,t,705000.0,11/02/2017,2.0,2.0,197.0,39.0,-37.8579,144.8181
ID111503170,797 Burwood Rd,5,h,3500000.0,18/06/2016,2.0,2.0,1250.0,19.0,-37.8245,145.0524
ID697025220,6/21 Kensington Rd,2,u,551000.0,15/10/2016,1.0,0.0,0.0,59.0,-37.8383,145.0011
ID252889738,1/13 Narong Rd,2,u,536000.0,25/02/2017,1.0,1.0,771.0,59.0,-37.8686,145.0239
ID927525515,65 Clare Bvd,4,h,730000.0,27/05/2017,2.0,1.0,633.0,15.0,-37.63958,144.90267
ID182817179,14 Hunter St,3,h,2640000.0,18/03/2017,1.0,1.0,309.0,119.0,-37.82,145.0054
ID439244271,8 Narrumburn Rd,3,h,805000.0,9/09/2017,1.0,1.0,539.0,69.0,-37.94128,145.11406000000005
ID537050134,15 Pascoe St,3,h,1275000.0,10/12/2016,2.0,2.0,669.0,89.0,-37.8596,145.0871
ID793206864,33 River St,4,h,1215000.0,24/09/2016,3.0,4.0,613.0,69.0,-37.7799,144.8879
ID152198292,2/20 Talmage St,2,t,340000.0,29/07/2017,1.0,1.0,100.0,39.0,-37.77956,144.82519
ID979563971,56 Henry St,3,h,1850000.0,3/12/2016,1.0,2.0,361.0,7.0,-37.8546,144.9865
ID984388708,686A Hampton St,4,t,2250000.0,27/11/2016,2.0,2.0,230.0,7.0,-37.9237,145.0056
ID167394190,3/58 Cawkwell St,2,u,569000.0,7/05/2016,1.0,2.0,0.0,49.0,-37.854,145.041
ID980352191,16 Poets Gr,2,h,1255000.0,17/06/2017,1.0,1.0,226.0,84.0,-37.88132,144.99013
ID473979403,69 Chirnside St,3,h,1180000.0,3/06/2017,1.0,1.0,335.0,49.0,-37.80742,144.88297
ID308001423,14 Sutherland St,3,h,716000.0,27/11/2016,1.0,2.0,594.0,29.0,-37.709,144.9483
ID476193327,18 Ash Gr,4,t,1600000.0,3/12/2016,3.0,2.0,812.0,59.0,-37.8864,145.0326
ID761856956,1/10 Linden St,3,t,1010000.0,23/04/2016,2.0,1.0,0.0,5.0,-37.774,144.9731
ID580315906,10 Howard St,4,h,3200000.0,9/09/2017,3.0,2.0,858.0,39.0,-37.85557,145.06534
ID372715238,6 Kynoch La,3,t,560000.0,4/02/2016,2.0,2.0,77.0,15.0,-37.7746,144.8798
ID958667098,1/58 Cawkwell St,2,u,584000.0,28/08/2016,1.0,1.0,0.0,48.0,-37.854,145.041
ID177436713,2 Howitt Pl,3,h,930000.0,3/09/2017,2.0,2.0,369.0,59.0,-37.857929999999996,145.13925
ID473905993,1/1 Clarendon St,3,t,670000.0,29/07/2017,2.0,2.0,159.0,3.0,-37.78502,144.86733
ID652911169,192 Blyth St,3,h,1600000.0,27/11/2016,1.0,2.0,812.0,99.0,-37.7673,144.9782
ID540295556,4 Barry St,2,h,950000.0,29/07/2017,1.0,0.0,114.0,59.0,-37.78024,144.99289
ID256723595,19 Charles St,3,h,1290000.0,22/07/2017,2.0,1.0,196.0,109.0,-37.776509999999995,144.99074
ID394105486,15 Domain Tce,3,h,601000.0,22/07/2017,2.0,2.0,454.0,14.0,-37.63556,145.06679
ID449282565,6 Cosmos St,3,h,691000.0,10/09/2016,1.0,2.0,753.0,16.0,-37.7065,144.9374
ID849180182,36 Charlotte St,2,h,1421000.0,12/11/2016,1.0,0.0,196.0,19.0,-37.8254,145.0
ID304286285,103/58 Ballarat St,1,u,381000.0,17/09/2016,1.0,1.0,0.0,59.0,-37.8184,144.8904
ID630666331,8/58 Sutherland Rd,2,u,592500.0,10/12/2016,1.0,1.0,0.0,49.0,-37.8574,145.0174
ID267793995,14 Jubilee St,3,h,1060000.0,10/12/2016,1.0,4.0,600.0,119.0,-37.8472,144.8707
ID453547601,58 Herbert St,4,h,1071500.0,17/06/2017,1.0,1.0,951.0,3.0,-37.98121,145.21643999999995
ID515044910,66 MacOrna St,4,h,710000.0,27/05/2017,1.0,3.0,541.0,59.0,-37.69778,145.08516
ID544017516,86 Northumberland Rd,3,h,680000.0,18/03/2017,1.0,2.0,553.0,44.0,-37.7706,144.8422
ID741294993,1 Simon Ct,5,h,660000.0,1/07/2017,3.0,2.0,708.0,19.0,-37.63888,145.02813
ID576241128,22 Douglas St,2,h,1200000.0,19/11/2016,1.0,1.0,757.0,59.0,-37.7428,145.07
ID302757650,36 Aberfeldie St,3,h,1850000.0,17/06/2017,2.0,2.0,596.0,69.0,-37.76086,144.90497
ID811415952,1/29 Devon Rd,2,t,540000.0,13/05/2017,1.0,2.0,240.0,19.0,-37.7217,144.924
ID859677166,10 Weyburn Rd,3,h,706500.0,3/06/2017,2.0,3.0,723.0,44.0,-37.83883,145.28893
ID212770354,17 Parkhill Dr,4,h,1240000.0,19/11/2016,2.0,2.0,766.0,69.0,-37.8629,145.1097
ID430181330,12 Tantani St,3,h,506000.0,15/07/2017,1.0,4.0,578.0,35.0,-38.13743,145.16702
ID138104085,1/3 Gleniffer Av,2,u,585000.0,8/07/2017,1.0,1.0,0.0,69.0,-37.931709999999995,145.03041000000005
ID265798419,3 Belmore Rd,4,h,775000.0,29/04/2017,1.0,2.0,665.0,39.0,-37.7662,144.8383
ID331065673,329 George St,4,h,1924500.0,3/09/2016,4.0,2.0,1157.0,99.0,-37.7779,145.127
ID999523467,26 Clarendon St,4,h,665000.0,22/07/2017,1.0,1.0,538.0,59.0,-37.76518,144.85621
ID953497831,1/11 Maxwell St,2,h,511500.0,24/06/2017,1.0,2.0,416.0,59.0,-37.67096,145.02445
ID751350636,32 Sherlowe Cr,4,h,1295000.0,12/08/2017,2.0,2.0,702.0,41.0,-37.73226,145.09855
ID331801523,1 Diana Dr,4,h,1280000.0,17/06/2017,2.0,1.0,797.0,59.0,-37.80755,145.1638
ID409066137,41a Rennie St,2,u,495000.0,6/05/2017,1.0,0.0,388.0,59.0,-37.7506,144.9694
ID132711076,4/69 Wattle Valley Rd,2,u,913000.0,8/04/2017,1.0,1.0,0.0,99.0,-37.8322,145.0816
ID424560431,190 Gore St,2,h,1440000.0,17/09/2016,1.0,0.0,95.0,129.0,-37.8032,144.9825
ID832229660,20 Mills St,3,h,635800.0,16/04/2016,1.0,1.0,602.0,44.0,-37.7696,144.84
ID677838386,6/9 St James St,2,u,410000.0,17/09/2016,1.0,1.0,0.0,49.0,-37.7597,144.9188
ID264721979,5/137 Northumberland Rd,3,t,560000.0,20/05/2017,2.0,1.0,141.0,10.0,-37.7177,144.9328
ID730317552,2/116 Summerhill Rd,3,h,540000.0,11/02/2017,2.0,2.0,215.0,16.0,-37.7257,145.0243
ID443903332,5 Dakara Ct,3,h,480000.0,1/07/2017,1.0,2.0,743.0,29.0,-37.89757,144.63041
ID723176487,75 Fenwick St,3,h,2050000.0,18/03/2017,2.0,0.0,84.0,49.0,-37.7879,144.9736
ID553109401,408 Canning St,3,h,1614500.0,20/05/2017,1.0,0.0,167.0,114.0,-37.7875,144.9749
ID267731975,18 Vanberg Rd,3,h,1385000.0,12/11/2016,2.0,1.0,619.0,89.0,-37.7543,144.9318
ID514995682,603/120 Palmer St,1,u,390000.0,14/05/2016,1.0,1.0,0.0,8.0,-37.8195,145.0103
ID253132100,2/6 Pitta Cl,2,u,302500.0,3/06/2017,1.0,2.0,471.0,11.0,-37.88275,144.66661000000005
ID961649158,50 Major Rd,1,h,515000.0,12/08/2017,1.0,0.0,173.0,79.0,-37.70745,144.97046
ID410564079,2C Castlemaine St,3,h,1425000.0,29/04/2017,3.0,2.0,305.0,12.0,-37.8149,144.8942
ID776086189,721 Ballarat Rd,3,h,730000.0,19/08/2017,2.0,2.0,739.0,49.0,-37.77245,144.8001
ID174435653,201A Clauscen St,3,h,1286000.0,10/12/2016,1.0,0.0,275.0,104.0,-37.7779,144.9862
ID843304664,28 Cambridge St,3,h,1870000.0,4/03/2017,1.0,1.0,217.0,131.0,-37.8592,145.0182
ID674677589,18 Kanowna St,4,h,2130000.0,30/07/2016,2.0,2.0,714.0,94.0,-37.9446,145.0092
ID986691036,7/3 Ashley St,2,h,450000.0,1/07/2017,2.0,2.0,74.0,18.0,-37.84646,145.22591
ID896910605,2/703 Orrong Rd,2,u,1450000.0,8/10/2016,2.0,2.0,0.0,49.0,-37.8414,145.0137
ID704051019,2/42 Railway Pde,2,t,510000.0,17/09/2016,1.0,1.0,110.0,6.0,-37.7282,144.928
ID843927433,68 Chapman St,4,h,895000.0,27/11/2016,2.0,3.0,430.0,74.0,-37.7939,144.8283
ID140599032,8/18 Edgar St,2,u,680000.0,15/10/2016,1.0,1.0,0.0,73.0,-37.8566,145.0454
ID407081836,9/11 Parring Rd,2,u,805000.0,6/08/2016,1.0,1.0,209.0,44.0,-37.8125,145.0901
ID737449038,52 Shirley St,3,h,620000.0,22/07/2017,1.0,2.0,466.0,44.0,-37.87019,144.7843
ID197148819,23/1 Pottery Ct,1,u,315000.0,15/07/2017,1.0,1.0,0.0,99.0,-37.770340000000004,144.95334
ID213040766,4/149 Church St,2,u,892500.0,7/05/2016,1.0,2.0,232.0,49.0,-37.9157,144.9973
ID595948318,1/6 Richard St,2,u,651000.0,7/05/2016,1.0,1.0,265.0,59.0,-37.9223,145.0747
ID579485139,15 Bletchley Pl,4,h,590000.0,22/07/2017,2.0,2.0,617.0,59.0,-37.7364,144.82556
ID782447257,2a Kent Rd,3,h,616000.0,24/09/2016,1.0,1.0,190.0,49.0,-37.7211,144.9508
ID845852424,16 Waratah St,3,t,1260000.0,29/07/2017,2.0,2.0,669.0,59.0,-37.912890000000004,145.08065
ID433823386,131 Odessa Av,3,h,620000.0,8/07/2017,1.0,4.0,650.0,34.0,-37.71575,144.80598
ID375540247,5 Koorang La,3,h,1100000.0,18/06/2016,2.0,1.0,66.0,6.0,-37.8181,145.007
ID246911422,61 McKimmies Rd,3,h,487000.0,27/05/2017,1.0,1.0,533.0,49.0,-37.67605,145.03956000000005
ID401251975,23 Morden Ct,4,h,1570000.0,27/05/2017,2.0,1.0,746.0,119.0,-37.826029999999996,145.1721
ID938120031,87 Academy Dr,3,h,505000.0,27/05/2017,1.0,1.0,546.0,19.0,-37.67411,144.94677
ID509369276,38 Orlando St,3,h,2439500.0,28/08/2016,2.0,2.0,662.0,139.0,-37.9384,145.0002
ID362988834,2/585 Burwood Hwy,3,u,750000.0,3/06/2017,2.0,1.0,302.0,3.0,-37.85732,145.19195
ID633731705,3 Flannery Ct,3,h,925000.0,15/10/2016,1.0,4.0,815.0,22.0,-37.7151,144.9062
ID788172185,38 Frederick St,4,h,2730000.0,15/10/2016,3.0,2.0,674.0,22.0,-37.8068,145.0786
ID720051106,19 Station Rd,2,h,940000.0,27/05/2017,1.0,0.0,207.0,109.0,-37.8071,144.88912
ID763936919,215 Clarke St,4,h,3850000.0,30/07/2016,4.0,8.0,1390.0,107.0,-37.7767,144.9996
ID571572415,23a Dickmann St,3,t,975000.0,22/08/2016,1.0,1.0,383.0,26.0,-37.8248,144.9976
ID350445038,9 Yawla St,4,h,2255000.0,10/12/2016,3.0,2.0,557.0,11.0,-37.9132,145.0251
ID719530831,20 Scotia St,2,h,800000.0,27/06/2016,2.0,1.0,55.0,8.0,-37.8014,144.9488
ID436186212,241 Parer Rd,5,h,755000.0,14/05/2016,2.0,2.0,596.0,26.0,-37.7248,144.8699
ID452010210,3 Alexander St,3,h,1715000.0,10/12/2016,2.0,2.0,458.0,69.0,-37.8257,145.1216
ID222375671,100 Reynard St,4,h,975000.0,27/11/2016,2.0,2.0,307.0,23.0,-37.74800000000001,144.9602
ID696659195,36/568 New St,1,u,380000.0,1/07/2017,1.0,1.0,1993.0,19.0,-37.884679999999996,144.99722
ID823724451,12 Maud St,4,h,1755000.0,29/07/2017,2.0,2.0,605.0,81.0,-37.79466,145.06564
ID975223947,1/33 Riviera St,2,u,641000.0,29/07/2017,1.0,1.0,0.0,39.0,-37.978359999999995,145.07303000000005
ID799776724,67 Celia St,4,h,1700000.0,15/10/2016,3.0,1.0,650.0,73.0,-37.8581,145.078
ID735107047,50 Caroline Dr,5,h,1400000.0,26/08/2017,3.0,2.0,717.0,56.0,-37.7663,145.1132
ID720278950,3/117 Gordon St,3,t,687000.0,27/11/2016,1.0,1.0,116.0,24.0,-37.7454,144.9487
ID726155407,92A Southern Rd,2,h,510000.0,25/02/2017,1.0,2.0,244.0,7.0,-37.7421,145.0491
ID727861619,3/2 Cooper St,3,t,500000.0,27/06/2016,1.0,2.0,224.0,34.0,-37.7863,144.8401
ID131291898,7 Colclough Ct,5,h,880000.0,30/07/2016,3.0,2.0,387.0,59.0,-37.7225,144.9055
ID741888938,3 Grieve St,3,h,824000.0,3/09/2017,1.0,2.0,725.0,39.0,-37.850629999999995,145.25802
ID320042565,4 Newton St,3,h,800000.0,26/08/2017,1.0,2.0,585.0,59.0,-37.73173,145.02884
ID146377252,2/4 Collins St,3,u,775000.0,17/09/2016,1.0,1.0,211.0,39.0,-37.8275,145.1232
ID623455088,19/9 Fabian Ct,2,t,408000.0,18/06/2016,1.0,1.0,85.0,39.0,-37.7732,144.8927
ID628340116,9A Methven St,3,t,880000.0,16/09/2017,1.0,1.0,771.0,15.0,-37.747009999999996,144.96368999999999
ID823271963,6 Moffatt Cr,3,h,568000.0,23/09/2017,2.0,2.0,700.0,46.0,-37.87695,144.69953
ID693108001,2/64 Jellicoe St,2,t,610000.0,15/10/2016,1.0,1.0,277.0,49.0,-37.7577,145.0358
ID472087124,1/1 Danae St,3,t,460000.0,12/11/2016,1.0,1.0,325.0,49.0,-37.7001,144.9291
ID578903181,41 Felix Cr,4,h,812000.0,12/08/2017,2.0,2.0,962.0,14.0,-37.80161,145.22151000000005
ID823377025,2 Hood St,4,h,1158000.0,23/04/2016,1.0,3.0,411.0,109.0,-37.8117,144.8873
ID542267989,60 Cummins Rd,3,h,1650000.0,26/08/2017,2.0,2.0,623.0,99.0,-37.92698,145.02673000000001
ID785213568,14 Shaftesbury St,3,h,1580000.0,26/08/2017,2.0,1.0,665.0,133.0,-37.75238,144.92248999999995
ID591046075,3 Silvana Wy,3,h,478000.0,19/08/2017,1.0,1.0,318.0,16.0,-37.70388,144.75259
ID865979403,3/12 Somers St,2,u,605000.0,6/05/2017,1.0,1.0,81.0,54.0,-37.8495,145.0999
ID257266168,1/70 Williams Rd,2,h,910000.0,19/11/2016,1.0,1.0,183.0,89.0,-37.8543,145.0024
ID986838181,23 Cromwell St,3,h,1238000.0,26/08/2017,2.0,1.0,735.0,4.0,-37.852959999999996,145.1055
ID146639071,19 Verdon St,4,h,2910000.0,4/03/2017,3.0,0.0,338.0,129.0,-37.8633,144.8963
ID455870139,9 Finton Cl,4,h,1214000.0,23/09/2017,2.0,2.0,694.0,79.0,-37.8893,145.18747
ID726963758,71 Peel St,3,h,1575000.0,15/10/2016,2.0,2.0,397.0,79.0,-37.8013,145.0335
ID265940897,6 Dedrick Gr,3,h,510000.0,22/08/2016,1.0,2.0,587.0,11.0,-37.7843,144.8472
ID949770140,15 Alimar Rd,3,h,1908000.0,8/07/2017,1.0,2.0,778.0,59.0,-37.88462,145.17315
ID879976260,581 Waterdale Rd,2,h,532000.0,27/05/2017,2.0,1.0,220.0,69.0,-37.73549000000001,145.0487
ID143883413,3/134 Cooper St,2,u,585000.0,15/10/2016,1.0,1.0,160.0,44.0,-37.7421,144.8995
ID944781985,101 The Fairway,4,h,610000.0,12/11/2016,1.0,1.0,465.0,49.0,-37.7126,145.03
ID247602021,2/15 Melbourne St,2,u,603000.0,26/07/2016,1.0,1.0,102.0,59.0,-37.8894,145.0679
ID958531028,11 Sandpiper Pl,4,h,2440000.0,27/11/2016,3.0,3.0,500.0,14.0,-37.8638,144.8798
ID354653360,12 Havelock St,4,h,1782800.0,10/12/2016,2.0,2.0,804.0,17.0,-37.8516,145.1179
ID295369081,5/66 Woornack Rd,1,u,363000.0,4/06/2016,1.0,1.0,0.0,59.0,-37.8982,145.0625
ID512845238,2/8 Gregory St,2,t,475000.0,15/10/2016,1.0,1.0,118.0,9.0,-37.7232,144.9154
ID157016967,7 Kampman St,4,h,1300000.0,18/03/2017,2.0,2.0,744.0,34.0,-37.7791,145.086
ID628588198,477 Murray Rd,5,h,1060000.0,27/05/2017,2.0,2.0,559.0,79.0,-37.73645,144.98715
ID145872645,59b Fromer St,3,t,1275000.0,17/09/2016,2.0,2.0,309.0,99.0,-37.9287,145.0461
ID834098698,156 Separation St,2,h,900000.0,10/12/2016,1.0,0.0,367.0,49.0,-37.7704,145.0067
ID413645574,80 Marriage Rd,3,h,1500000.0,6/08/2016,2.0,2.0,315.0,19.0,-37.9199,145.0174
ID296263882,1001/800 Chapel St,2,u,1090000.0,29/07/2017,2.0,2.0,17200.0,19.0,-37.83613,144.99661
ID816942776,147 Booran Rd,3,h,1303500.0,22/05/2016,1.0,2.0,699.0,14.0,-37.8936,145.0366
ID921147415,16 Thorpe St,3,h,1100000.0,29/04/2017,1.0,6.0,761.0,69.0,-37.8464,144.865
ID291848164,32 Jubilee Pl,2,h,1042500.0,4/03/2017,1.0,1.0,80.0,49.0,-37.8126,145.004
ID527876227,9/69 Wattle Rd,3,u,1189000.0,3/12/2016,1.0,1.0,181.0,50.0,-37.8243,145.0328
ID758578539,53 Ronald St,3,h,735000.0,4/03/2017,1.0,1.0,427.0,9.0,-37.7303,144.9773
ID873698414,12 Coane St,3,h,960000.0,25/02/2017,1.0,2.0,641.0,69.0,-37.7253,144.938
ID350453618,10a Roydon St,3,t,1020000.0,14/05/2016,2.0,2.0,221.0,59.0,-37.9355,145.0257
ID720278950,3/117 Gordon St,3,t,687000.0,27/11/2016,1.0,1.0,116.0,24.0,-37.7454,144.9487
ID935555555,27 McMahon Cr,3,h,350000.0,26/08/2017,1.0,1.0,466.0,16.0,-37.86744,144.65608999999995
ID933009016,22 Hobart St,2,h,1275000.0,3/09/2016,1.0,2.0,599.0,45.0,-37.925,145.046
ID505548070,2A Council St,2,h,880000.0,18/03/2017,1.0,0.0,100.0,24.0,-37.7923,144.9858
ID883465448,117 Lord St,2,h,1088000.0,17/09/2016,1.0,0.0,158.0,84.0,-37.8239,145.0045
ID864190684,1/136 St Georges Rd,2,u,503000.0,17/06/2017,1.0,1.0,0.0,49.0,-37.769259999999996,144.99157
ID161044952,2 Osborne Av,3,t,1435000.0,29/07/2017,3.0,2.0,307.0,5.0,-37.91648,145.04927
ID877405542,2/42 Grattan Pl,2,u,720000.0,24/06/2017,1.0,1.0,3481.0,109.0,-37.80087,144.96622
ID371634075,9 Bailey Av,4,h,3000000.0,23/09/2017,3.0,2.0,474.0,104.0,-37.86345,145.02454
ID558904030,101 Holmes Rd,4,h,1120000.0,8/10/2016,1.0,1.0,571.0,104.0,-37.7659,144.9116
ID792262512,1/1 Glen Iris Rd,3,t,1300000.0,6/08/2016,2.0,2.0,342.0,59.0,-37.8433,145.0695
ID656044887,325 Belmore Rd,5,h,3250000.0,6/08/2016,4.0,2.0,886.0,6.0,-37.804,145.0951
ID961212659,7 Austin St,3,h,740000.0,22/07/2017,1.0,2.0,968.0,64.0,-37.88523,145.28553
ID380051936,3/132 Widford St,3,t,440000.0,28/05/2016,2.0,1.0,215.0,9.0,-37.6952,144.9256
ID638401693,7 Wave St,3,h,2100000.0,17/06/2017,2.0,1.0,455.0,29.0,-37.93739,145.00513
ID853629908,9/434 Kooyong Rd,2,u,630000.0,20/05/2017,1.0,1.0,0.0,16.0,-37.8937,145.0137
ID423655108,9/314 Neerim Rd,3,u,602500.0,16/07/2016,1.0,2.0,0.0,49.0,-37.8893,145.0589
ID734825893,5/361 Royal Pde,1,u,401000.0,19/11/2016,1.0,1.0,0.0,129.0,-37.7852,144.9589
ID184068539,6/183 Kooyong Rd,2,u,866000.0,30/07/2016,0.0,0.0,0.0,84.0,-37.8458,145.0221
ID368128628,1004/58 Jeffcott St,3,u,650000.0,3/12/2016,2.0,1.0,0.0,79.0,-37.8117,144.9518
ID367609315,195 Blackshaws Rd,3,h,975000.0,13/05/2017,2.0,2.0,333.0,9.0,-37.8334,144.8673
ID341893389,31 Southampton St,3,h,860500.0,17/09/2016,2.0,2.0,322.0,39.0,-37.7963,144.8862
ID199466845,1/1 Clarendon St,3,t,650000.0,8/07/2017,2.0,2.0,159.0,3.0,-37.78502,144.86733
ID183297368,6 The Mews,3,h,400000.0,8/07/2017,1.0,1.0,301.0,21.0,-38.0457,145.27395
ID850184159,18 Vincent St,4,h,902000.0,17/06/2017,2.0,4.0,726.0,59.0,-37.93058,145.16308
ID311881846,3/43 Danin St,3,t,676000.0,3/09/2017,2.0,2.0,122.0,7.0,-37.72304000000001,144.92864
ID180914287,66 Roseberry St,3,h,1865000.0,4/03/2017,2.0,2.0,431.0,69.0,-37.8269,145.0496
ID500936525,2/825 Park St,1,u,440000.0,22/08/2016,1.0,1.0,0.0,129.0,-37.7769,144.9523
ID380894232,92 Winmalee Rd,3,h,2330000.0,15/07/2017,2.0,4.0,656.0,49.0,-37.8079,145.09162
ID260845280,90 Bryant St,2,h,1100000.0,6/05/2017,1.0,1.0,186.0,109.0,-37.7837,144.9338
ID876209423,4/110 Walpole St,2,u,700000.0,6/05/2017,1.0,1.0,0.0,49.0,-37.7977,145.0333
ID367457264,1/1110 Glen Huntly Rd,2,u,450000.0,29/07/2017,1.0,1.0,0.0,9.0,-37.88937,145.04038
ID295169620,2/2 St Kinnord St,1,u,380000.0,3/12/2016,1.0,1.0,0.0,29.0,-37.7561,144.9028
ID207727032,414 Waverley Rd,3,h,1220000.0,29/04/2017,1.0,2.0,446.0,39.0,-37.8784,145.0654
ID287382457,5/68 Brown St,2,u,546500.0,3/12/2016,1.0,1.0,132.0,47.0,-37.7519,145.0687
ID347208558,12 Hilda St,4,h,2200000.0,4/03/2017,3.0,2.0,567.0,99.0,-37.8742,145.0614
ID554172031,404 Bay St,2,h,1016500.0,10/09/2016,1.0,1.0,131.0,19.0,-37.8352,144.9458
ID430082397,11 Highview Rd,5,h,1500000.0,23/04/2016,2.0,2.0,605.0,59.0,-37.7832,145.0796
ID222762802,93 Church Rd,4,h,1200000.0,19/08/2017,2.0,1.0,650.0,24.0,-37.78911,145.13724
ID114753572,101/201 Whitehorse Rd,2,u,635000.0,8/10/2016,1.0,1.0,0.0,5.0,-37.8116,145.0724
ID834443804,81 Fromer St,4,h,1430000.0,22/08/2016,2.0,2.0,611.0,49.0,-37.9289,145.0481
ID613609114,389 Gore St,3,h,2700000.0,12/08/2017,3.0,1.0,433014.0,79.0,-37.797509999999996,144.98309
ID262668155,301/163 Cremorne St,1,u,425000.0,6/08/2016,1.0,1.0,0.0,12.0,-37.8301,144.9904
ID982324254,111 Stokes St,4,h,2160000.0,28/05/2016,3.0,2.0,232.0,22.0,-37.8392,144.9378
ID950406941,548 Centre Rd,3,h,770000.0,10/12/2016,2.0,2.0,0.0,32.0,-37.9193,145.0438
ID617024901,40 Campbell Gr,3,h,1420000.0,17/09/2016,1.0,2.0,362.0,109.0,-37.8337,145.0504
ID210419994,4/163 Centre Dandenong Rd,2,u,560000.0,29/07/2017,1.0,2.0,182.0,9.0,-37.96718,145.07681000000005
ID477868267,1 Weston St,3,h,1860000.0,14/05/2016,1.0,4.0,671.0,59.0,-37.8117,145.0775
ID226335709,19 Bruce St,3,h,1270000.0,12/08/2017,2.0,2.0,585.0,19.0,-37.742509999999996,145.0008
ID254768002,17 Mathieson St,3,h,860000.0,8/10/2016,1.0,3.0,586.0,69.0,-37.7205,144.9659
ID806874945,2/13 Walker St,2,u,471000.0,4/03/2017,1.0,1.0,564.0,49.0,-37.7665,144.9425
ID435417666,22 Orchard Gr,3,h,901000.0,29/07/2017,2.0,2.0,678.0,44.0,-37.83637,145.24246000000005
ID844489558,507/325 Collins St,2,u,733000.0,24/09/2016,2.0,1.0,0.0,54.0,-37.8166,144.9635
ID906671106,6 Paul Gr,4,h,675000.0,24/06/2017,2.0,2.0,1031.0,59.0,-38.00224,145.41081
ID616884927,18 Violet Gr,3,h,2325000.0,10/09/2016,2.0,1.0,373.0,109.0,-37.8281,145.0391
ID827995421,20 Stillman St,2,h,1430000.0,18/06/2016,1.0,2.0,292.0,6.0,-37.8218,145.0089
ID710451457,34 Haughton Pde,4,h,1150000.0,13/05/2017,1.0,2.0,672.0,119.0,-37.7438,145.0769
ID446123803,92 Sarissa St,4,h,795000.0,15/07/2017,2.0,2.0,499.0,44.0,-37.66641,144.98781
ID878819268,1/3 Liardet St,2,u,670000.0,22/08/2016,1.0,1.0,0.0,13.0,-37.8424,144.9449
ID905561662,8 Dudley Pde,5,h,2350000.0,15/10/2016,2.0,4.0,838.0,109.0,-37.8252,145.0721
ID438669692,12 Williamstown Rd,4,h,925000.0,19/11/2016,2.0,1.0,276.0,71.0,-37.8039,144.8849
ID862871386,29 Winchester St,2,h,1015000.0,14/05/2016,1.0,1.0,228.0,109.0,-37.7685,144.9183
ID357750757,9/58 The Avenue,1,u,412500.0,10/12/2016,1.0,1.0,0.0,49.0,-37.8533,144.9986
ID376889657,125/33 Jeffcott St,2,u,670000.0,8/07/2017,1.0,1.0,17.0,23.0,-37.8118,144.95259
ID616311190,37/151 Fitzroy St,2,u,571000.0,12/06/2016,1.0,1.0,7458.0,18.0,-37.8591,144.97899999999996
ID558612710,10 Hastings St,3,h,1460000.0,17/09/2016,1.0,2.0,742.0,69.0,-37.8529,145.0962
ID821741387,7 Webb La,2,t,1350000.0,17/06/2017,2.0,1.0,87.0,14.0,-37.81803,144.9892
ID148979791,251 Gaffney St,4,h,820000.0,25/02/2017,1.0,1.0,420.0,12.0,-37.7326,144.9475
ID164325435,91 Gowrie St,3,h,822000.0,13/05/2017,1.0,2.0,738.0,59.0,-37.6972,144.941
ID737513156,31 Seggan Cir,3,t,532000.0,3/09/2016,2.0,1.0,149.0,14.0,-37.7068,144.8963
ID794199872,19 Hughes St,3,h,570500.0,10/12/2016,1.0,1.0,471.0,59.0,-37.7924,144.8523
ID874324090,21 Emerald St,3,h,820000.0,23/09/2017,1.0,2.0,493.0,21.0,-37.74305,145.01811999999995
ID857034204,17 Fern St,3,h,480000.0,16/04/2016,1.0,2.0,696.0,59.0,-37.7836,144.7988
ID879976260,581 Waterdale Rd,2,h,532000.0,27/05/2017,2.0,1.0,220.0,69.0,-37.73549000000001,145.0487
ID244958800,2 Kershaw St,4,h,1320000.0,3/09/2017,2.0,5.0,600.0,69.0,-37.998059999999995,145.08829
ID500859270,9/22 Stanley St,1,u,452000.0,4/03/2017,1.0,1.0,816.0,19.0,-37.802,144.9848
ID690985963,70 Munro St,3,h,955000.0,14/05/2016,1.0,1.0,263.0,109.0,-37.7753,144.9116
ID389796537,2 Francis St,3,h,1032000.0,24/09/2016,1.0,0.0,128.0,119.0,-37.8198,145.0026
ID208348086,3/36 Crookston Rd,3,u,510000.0,17/06/2017,1.0,1.0,178.0,10.0,-37.70985,145.02073000000001
ID312477475,22 Greig St,3,h,3755000.0,26/07/2016,2.0,2.0,325.0,109.0,-37.8413,144.95
ID407244311,1 Christie St,3,h,632000.0,23/09/2017,1.0,1.0,562.0,59.0,-37.772240000000004,144.77381
ID930595202,11 Keiller St,3,h,1060000.0,16/09/2017,2.0,3.0,465.0,71.0,-37.93524,145.03438
ID638401693,7 Wave St,3,h,2100000.0,17/06/2017,2.0,1.0,455.0,29.0,-37.93739,145.00513
ID469117423,2/6 Murra Ct,2,u,700000.0,22/08/2016,1.0,2.0,192.0,12.0,-37.8709,145.102
ID477066134,4 Alexandra St,5,h,1050000.0,24/06/2017,3.0,3.0,616.0,59.0,-37.70557,145.10859
ID857616159,18 Pullar St,2,h,472500.0,20/05/2017,1.0,0.0,315.0,29.0,-37.7835,144.8723
ID370796363,1/381 Elgar Rd,3,t,943000.0,29/07/2017,1.0,1.0,248.0,19.0,-37.82335,145.11358
ID473683937,5 Margaret St,3,h,981000.0,22/05/2016,1.0,2.0,601.0,69.0,-37.9361,145.0456
ID631407369,24 Kurrajong St,3,h,950000.0,28/05/2016,1.0,1.0,598.0,59.0,-37.9129,145.0786
ID876201648,187 Southern Rd,2,h,715000.0,25/02/2017,1.0,3.0,609.0,69.0,-37.7415,145.0391
ID581334664,28 Atkin St,4,h,550000.0,8/07/2017,2.0,2.0,1241.0,49.0,-37.686859999999996,144.58157
ID830382146,16 Selwyn St,3,h,791000.0,25/02/2017,1.0,3.0,743.0,49.0,-37.7817,144.8159
ID702164907,44 Denbigh Rd,4,h,3625000.0,27/11/2016,1.0,2.0,709.0,119.0,-37.8574,145.016
ID874346220,35 Green St,5,h,1420000.0,27/11/2016,3.0,1.0,455.0,13.0,-37.7653,145.0392
ID611591743,36 Clinton St,4,h,1630000.0,13/05/2017,2.0,1.0,596.0,69.0,-37.9113,145.0207
ID457788425,35 Hunter St,3,h,1287000.0,18/03/2017,1.0,1.0,620.0,14.0,-37.9031,145.0578
ID489022221,61 Rachelle Rd,4,h,1420000.0,12/11/2016,2.0,2.0,613.0,8.0,-37.7453,144.8721
ID320503846,1 Sinclair Grn,4,h,695000.0,23/09/2017,2.0,2.0,516.0,19.0,-37.78763,144.75963000000004
ID939015130,5 Rubens Ct,4,h,1035000.0,27/05/2017,2.0,2.0,702.0,7.0,-37.91075,145.18758
ID288559308,31 Norma Rd,3,h,1131000.0,17/06/2017,1.0,2.0,697.0,131.0,-37.841879999999996,145.16982
ID138862418,17/39 Horne St,3,t,850000.0,19/11/2016,2.0,2.0,108.0,19.0,-37.8861,145.0014
ID122626946,13/55 Darling St,2,u,650000.0,4/06/2016,1.0,1.0,0.0,33.0,-37.8344,144.9916
ID195322156,2/125 Ferguson St,1,u,331000.0,28/05/2016,1.0,1.0,0.0,14.0,-37.8586,144.8933
ID950274070,118/80 Ormond St,2,u,442000.0,10/12/2016,2.0,1.0,3448.0,9.0,-37.7976,144.9285
ID689884768,15 Murray St,4,h,3000000.0,18/03/2017,2.0,2.0,661.0,89.0,-37.8844,145.0117
ID442375053,18 Normanby Rd,3,h,930000.0,16/04/2016,1.0,2.0,588.0,59.0,-37.9286,145.069
ID415233628,11/165 Noone St,2,u,640000.0,22/07/2017,2.0,1.0,533.0,8.0,-37.79443,144.99944
ID650224385,2/19 Swindon Rd,3,t,828000.0,7/05/2016,2.0,1.0,206.0,17.0,-37.8966,145.0863
ID319412068,92 Gilbert Rd,2,h,986000.0,22/05/2016,1.0,1.0,472.0,79.0,-37.7484,144.9886
ID774828877,10/81 Koornang Rd,2,u,662000.0,17/09/2016,2.0,1.0,0.0,49.0,-37.8873,145.0572
ID819262161,28 Ellington St,4,h,1960000.0,16/04/2016,3.0,4.0,708.0,49.0,-37.8923,145.0177
ID430349082,68 Hardiman St,2,h,1211000.0,27/11/2016,1.0,1.0,183.0,13.0,-37.7959,144.9342
ID398767878,61 Canterbury St,3,h,1012000.0,13/08/2016,1.0,1.0,212.0,89.0,-37.7818,144.9247
ID988007119,52a Florence St,3,h,1190000.0,16/09/2017,2.0,2.0,297.0,14.0,-37.85537,144.87578
ID572045929,1/308 Canterbury Rd,2,u,805000.0,13/08/2016,1.0,2.0,297.0,119.0,-37.8255,145.092
ID482349054,1/10 Gillard St,2,h,870000.0,13/05/2017,1.0,1.0,271.0,7.0,-37.8512,145.1145
ID264654610,3 Thornley Dr,4,h,740000.0,27/05/2017,2.0,2.0,796.0,15.0,-38.06022,145.35044
ID872935759,203/196 Albert Rd,2,u,1050000.0,17/09/2016,2.0,2.0,0.0,18.0,-37.8372,144.9672
ID929867695,5/162 Westgarth St,2,u,592000.0,4/03/2017,1.0,2.0,0.0,99.0,-37.7828,145.0096
ID510323917,1/1 Clarendon St,3,t,675000.0,22/04/2017,2.0,2.0,159.0,3.0,-37.785,144.8673
ID525593499,62 Everard St,3,h,500000.0,10/09/2016,1.0,1.0,589.0,16.0,-37.6993,144.9393
ID231631054,17 Convent Ct,2,h,935000.0,12/11/2016,1.0,2.0,833.0,59.0,-37.7297,144.9654
ID937357226,38 Stanhope St,3,h,632000.0,12/08/2017,1.0,4.0,697.0,59.0,-37.68557,144.93156000000005
ID699587186,12 Murillo Ct,5,h,1535000.0,4/03/2017,3.0,2.0,681.0,44.0,-37.7722,145.1309
ID160004651,2 Blackwood St,3,h,801000.0,16/09/2017,1.0,1.0,852.0,79.0,-37.67601,145.02955
ID955713289,470 Brunswick St,2,h,860000.0,3/09/2016,1.0,0.0,104.0,139.0,-37.7927,144.9796
ID634487447,1173 North Rd,3,h,1035000.0,12/11/2016,1.0,2.0,650.0,44.0,-37.91,145.0914
ID186736283,76 Arnold St,3,h,1700000.0,27/11/2016,1.0,2.0,341.0,9.0,-37.7832,144.9655
ID622781225,1/23 Glen St,2,u,670000.0,15/07/2017,1.0,0.0,0.0,39.0,-37.83108,145.0353
ID968416596,1 Durkin St,2,h,740000.0,16/04/2016,2.0,1.0,213.0,13.0,-37.8441,144.8805
ID511964738,114 Beavers Rd,3,h,1000000.0,24/06/2017,1.0,1.0,188.0,39.0,-37.76592,144.99265
ID489714649,61 Weatherall Rd,4,h,1500000.0,24/06/2017,2.0,3.0,724.0,54.0,-37.97076,145.04186
ID568165086,21 Butler St,3,h,1325000.0,1/07/2017,2.0,2.0,441.0,19.0,-37.74664,144.92285
ID618696084,11a Oconnor St,2,h,611000.0,8/10/2016,1.0,2.0,379.0,3.0,-37.7108,145.0048
ID770769848,3/58 Moore St,3,t,740000.0,8/10/2016,2.0,1.0,255.0,5.0,-37.7546,144.9713
ID221357100,9/25 Derby St,2,u,557000.0,24/09/2016,1.0,1.0,0.0,27.0,-37.8034,145.0369
ID226975848,4/97 Hawdon St,4,u,830000.0,24/09/2016,2.0,2.0,1180.0,9.0,-37.7551,145.0646
ID654992211,25 Simpson St,4,h,2340000.0,28/08/2016,2.0,3.0,824.0,99.0,-37.7803,145.0063
ID553376674,29 Oak St,4,h,3900000.0,27/05/2017,2.0,1.0,595.0,17.0,-37.813959999999994,145.01899
ID752714149,14 Elysee Ct,4,h,780000.0,22/08/2016,2.0,2.0,539.0,53.0,-37.7115,144.8966
ID557340424,18 Achilles St,2,h,415000.0,28/05/2016,1.0,1.0,422.0,59.0,-37.7343,145.04399999999995
ID198895491,11 Mais St,4,h,905000.0,8/04/2017,2.0,2.0,696.0,54.0,-37.7074,145.0276
ID905989662,26 Lowalde Dr,3,h,595000.0,26/08/2017,1.0,2.0,536.0,39.0,-37.64972,145.04086
ID177389261,10/40 Young St,2,t,515000.0,12/11/2016,1.0,1.0,1981.0,13.0,-37.7677,144.9221
ID939285060,4/2 Alfred St,2,u,830000.0,7/05/2016,1.0,1.0,727.0,19.0,-37.8503,144.9855
ID880335862,77 Melbourne Rd,3,h,1210000.0,25/02/2017,1.0,0.0,249.0,109.0,-37.86,144.895
ID314700751,12 Selola Ct,3,h,652500.0,27/11/2016,1.0,1.0,592.0,59.0,-37.6968,144.9674
ID168616668,16 Fenwick St,2,h,910000.0,18/06/2016,1.0,1.0,100.0,49.0,-37.7879,144.9759
ID747723518,57 Eastwood St,3,h,813500.0,22/05/2016,1.0,1.0,165.0,22.0,-37.7907,144.9303
ID637745558,130 High St,4,h,1550000.0,14/05/2016,0.0,0.0,769.0,99.0,-37.8628,145.0734
ID959088026,1/22 Lex Gr,3,t,770000.0,11/02/2017,2.0,2.0,272.0,7.0,-37.7182,144.9244
ID679603941,3/25 Devon Rd,2,u,550000.0,22/07/2017,1.0,1.0,164.0,11.0,-37.72219000000001,144.92559
ID433192537,21 Tait St,3,h,950000.0,14/05/2016,2.0,2.0,281.0,69.0,-37.8431,144.8845
ID465373412,1 Monterey Bvd,3,h,452000.0,3/06/2017,1.0,0.0,624.0,57.0,-38.1187,145.14973
ID839792128,96 Roden St,3,h,2370000.0,4/06/2016,3.0,2.0,265.0,139.0,-37.8073,144.9481
ID886265964,12/200 Brighton St,2,u,695000.0,10/09/2016,1.0,2.0,0.0,22.0,-37.8333,144.998
ID418583586,4 Tambet St,3,h,1100000.0,8/10/2016,1.0,2.0,578.0,64.0,-37.9186,145.0709
ID633909574,1/48 Ormond Rd,2,u,1015000.0,13/08/2016,1.0,2.0,0.0,16.0,-37.8844,144.9855
ID753418106,198 Raglan St,2,h,910000.0,18/03/2017,2.0,1.0,352.0,69.0,-37.7495,145.0092
ID685905316,6 Oakdene Pl,3,h,2525000.0,3/06/2017,2.0,1.0,805.0,89.0,-37.7714,145.05963
ID419069655,39 Elimatta Rd,3,h,1430000.0,22/05/2016,2.0,2.0,603.0,74.0,-37.9023,145.0568
ID906304887,4 Finn Ct,3,h,1051000.0,10/12/2016,2.0,1.0,962.0,49.0,-37.7644,145.112
ID782454631,11/368 Dryburgh St,1,u,358000.0,27/11/2016,1.0,1.0,649.0,49.0,-37.7971,144.9448
ID976493044,6 Daley St,4,h,2400000.0,18/06/2016,2.0,2.0,560.0,99.0,-37.8822,144.9913
ID812079983,25 Clauscen St,3,h,1150000.0,3/09/2016,2.0,2.0,649.0,59.0,-37.7642,145.1157
ID537312908,378 Manningham Rd,4,h,1401000.0,25/02/2017,3.0,2.0,650.0,49.0,-37.7785,145.1212
ID767359183,8 Ashmore Av,4,h,1800000.0,12/08/2017,2.0,2.0,656.0,69.0,-38.00119,145.08588999999995
ID661999972,28 Through Rd,3,h,750000.0,24/06/2017,1.0,1.0,446.0,64.0,-37.7987,145.23032
ID808848166,14/854 Pascoe Vale Rd,2,u,230000.0,18/03/2017,1.0,1.0,1996.0,49.0,-37.702,144.9154
ID983938076,8/86 Queens Pde,3,t,775000.0,28/05/2016,2.0,2.0,0.0,121.0,-37.7918,144.9824
ID971099817,2/222 Milleara Rd,3,u,470000.0,14/05/2016,1.0,1.0,254.0,49.0,-37.74800000000001,144.863
ID714716925,78 Stewart St,3,h,910000.0,8/10/2016,1.0,1.0,215.0,89.0,-37.7642,144.9688
ID855675079,8/102 Cross St,2,u,480000.0,3/06/2017,1.0,1.0,1157.0,99.0,-37.800290000000004,144.87859
ID379014013,5/6 MacPherson St,2,u,348000.0,1/07/2017,1.0,0.0,156.0,25.0,-37.987120000000004,145.22262
ID483600755,5 Patrick St,3,h,847000.0,1/07/2017,1.0,2.0,650.0,8.0,-37.71399,144.92264
ID361523306,6/105 Locksley Rd,2,u,490000.0,7/05/2016,1.0,1.0,0.0,59.0,-37.7669,145.0505
ID350978899,2/71 Roslyn St,4,t,1630000.0,25/02/2017,2.0,2.0,432.0,19.0,-37.9228,145.0022
ID802586692,7 Leicester St,3,h,1121000.0,8/04/2017,2.0,3.0,604.0,94.0,-37.7438,144.9971
ID112733701,46 Cassels Rd,2,h,860000.0,16/04/2016,1.0,2.0,352.0,119.0,-37.7566,144.9599
ID768443641,18 Jessie St,2,h,1006000.0,26/08/2017,1.0,1.0,716.0,34.0,-37.71589,144.92176
ID843098378,7 Fullbrook Dr,3,h,480000.0,26/08/2017,2.0,2.0,646.0,84.0,-37.56005,144.70892
ID194395717,8 Fulham Cl,3,h,750000.0,26/08/2017,1.0,2.0,698.0,59.0,-38.16624,145.13297
ID797688718,1/30 Grenville St,2,u,895000.0,3/09/2016,1.0,1.0,228.0,44.0,-37.9355,145.0008
ID418585420,33 Cecil St,3,h,1310000.0,24/09/2016,2.0,1.0,185.0,119.0,-37.8664,144.9072
ID420663878,7 Wiltshire St,3,h,1425000.0,17/06/2017,3.0,3.0,81.0,19.0,-37.82622,144.99878999999999
ID667914492,38 MacGregor St,3,h,1837000.0,6/08/2016,2.0,1.0,769.0,99.0,-37.8799,145.0552
ID669865215,10/51 Stephen St,2,u,397000.0,13/05/2017,1.0,1.0,0.0,44.0,-37.8128,144.8953
ID247345124,700 Rathdowne St,4,h,2175000.0,7/05/2016,1.0,0.0,418.0,99.0,-37.7808,144.9736
ID447339157,2/34 Bamfield Rd,3,t,715000.0,27/05/2017,2.0,2.0,192.0,34.0,-37.741279999999996,145.05607
ID298305917,24 Stymie St,5,h,1000000.0,11/02/2017,2.0,2.0,544.0,19.0,-37.7147,145.0296
ID547789235,612 Riversdale Rd,4,h,2750000.0,28/05/2016,3.0,1.0,0.0,107.0,-37.8325,145.0649
ID968277159,99 Christmas St,2,h,1575000.0,7/11/2016,1.0,3.0,607.0,74.0,-37.7668,145.0149
ID495503241,17 Janet St,3,h,912000.0,20/05/2017,1.0,3.0,660.0,54.0,-37.7466,144.8707
ID580606933,7/3 Ensign St,2,u,330000.0,10/12/2016,1.0,1.0,950.0,17.0,-37.7665,144.9004
ID769753926,268 Wright St,4,h,601000.0,11/03/2017,1.0,4.0,520.0,22.0,-37.7942,144.8112
ID699591298,10 Yarrabin St,3,h,810000.0,7/11/2016,1.0,2.0,349.0,69.0,-37.7589,144.9368
ID668902642,98 Charles St,2,h,1636000.0,8/10/2016,1.0,2.0,256.0,129.0,-37.806,144.9954
ID907673045,2/575 Warrigal Rd,3,t,850000.0,20/05/2017,2.0,2.0,321.0,69.0,-37.9316,145.0806
ID356100559,7/16 The Esplanade,2,u,591000.0,29/07/2017,1.0,1.0,0.0,49.0,-37.78791,145.00588
ID317290121,97 Albert St,3,h,1150000.0,23/09/2017,1.0,2.0,830.0,21.0,-37.74103,145.02289
ID936754009,22 Wheeler Pl,3,h,1400000.0,19/11/2016,2.0,2.0,383.0,119.0,-37.7565,144.9241
ID953029077,18 Altona St,2,h,1070000.0,17/06/2017,1.0,0.0,282.0,41.0,-37.79882,144.92745
ID317698584,85 Waimarie Dr,4,h,1728000.0,17/06/2017,3.0,2.0,720.0,59.0,-37.87833,145.13731
ID573962608,26 Leila Rd,3,h,1716000.0,28/08/2016,2.0,1.0,817.0,94.0,-37.9007,145.047
ID888200969,47/202 The Avenue,1,u,395000.0,11/02/2017,1.0,1.0,2469.0,129.0,-37.7827,144.9575
ID998121835,10/3 Lytton St,2,u,500000.0,29/04/2017,1.0,1.0,4076.0,10.0,-37.7941,144.9678
ID484634269,16 Marian St,4,h,3399000.0,27/05/2017,2.0,2.0,446.0,17.0,-37.82785,145.03816
ID409080897,50 Buckley St,3,h,1700000.0,6/05/2017,2.0,1.0,763.0,54.0,-37.7573,144.9221
ID140599032,8/18 Edgar St,2,u,680000.0,15/10/2016,1.0,1.0,0.0,73.0,-37.8566,145.0454
ID461871839,5 Crew St,3,h,710000.0,19/11/2016,1.0,1.0,616.0,59.0,-37.7306,145.0854
ID798589538,3 Kimber St,3,h,1330000.0,22/04/2017,1.0,1.0,154.0,119.0,-37.8264,145.0123
ID846766824,1403/38 Bank St,3,u,1250000.0,17/06/2017,2.0,3.0,0.0,18.0,-37.83185,144.96817
ID291331294,69 Bowen Rd,4,h,1470000.0,3/09/2017,2.0,2.0,775.0,49.0,-37.80126,145.1665
ID690723003,35 Leicester St,3,h,1017500.0,17/06/2017,1.0,2.0,592.0,129.0,-37.743559999999995,144.99464
ID196174374,27 Helene Ct,4,h,783000.0,3/06/2017,1.0,3.0,730.0,44.0,-37.87377,145.28688
ID400612008,9/12 Charnwood Rd,2,u,560000.0,10/09/2016,1.0,2.0,1676.0,44.0,-37.8585,144.9852
ID367857516,31 Smart St,2,h,1800000.0,13/05/2017,1.0,0.0,221.0,119.0,-37.8163,145.0251
ID808674929,49C Dresden St,2,t,680000.0,27/05/2017,1.0,1.0,129.0,6.0,-37.749309999999994,145.05505
ID855339682,33 Somerville St,4,h,1316000.0,7/11/2016,2.0,2.0,716.0,54.0,-37.778,145.1173
ID915792474,31 Prentice St,3,h,1450000.0,19/11/2016,1.0,2.0,351.0,104.0,-37.8832,145.0133
ID373551449,26 Hodder St,2,h,1250000.0,3/12/2016,1.0,2.0,443.0,11.0,-37.9077,145.0229
ID991210002,71 Oak St,2,h,1470000.0,3/06/2017,1.0,4.0,633.0,59.0,-37.98489,145.04116000000005
ID670876569,1/79 Coghlan St,3,t,800000.0,29/04/2017,2.0,2.0,202.0,4.0,-37.7418,144.8833
ID501185812,254 Rathmines St,4,h,2000000.0,22/05/2016,3.0,2.0,575.0,4.0,-37.7671,145.0176
ID487468474,4 Isla St,3,h,685000.0,10/12/2016,1.0,3.0,592.0,29.0,-37.7751,144.8342
ID344168315,5/143 Canterbury Rd,1,u,400000.0,8/10/2016,1.0,1.0,0.0,89.0,-37.8522,144.9678
ID134604242,30/49 Head St,3,t,1600000.0,27/05/2017,2.0,4.0,0.0,39.0,-37.89168,144.99161999999995
ID343988641,10/432 Punt Rd,2,u,370000.0,12/11/2016,1.0,1.0,0.0,49.0,-37.8374,144.9871
ID924044210,11/48 Princess St,2,u,590000.0,15/10/2016,1.0,1.0,0.0,44.0,-37.805,145.0294
ID181069718,52 Parkmore Rd,2,h,1020000.0,15/07/2017,1.0,1.0,581.0,49.0,-37.84207,145.17795
ID661999972,28 Through Rd,3,h,750000.0,24/06/2017,1.0,1.0,446.0,64.0,-37.7987,145.23032
ID955401607,41 McKinnon Rd,2,h,1200000.0,12/08/2017,1.0,2.0,397.0,79.0,-37.90978,145.02937
ID440441126,6 Rosewall Pl,3,h,790000.0,19/08/2017,1.0,2.0,532.0,44.0,-37.93765,145.10583
ID734113826,36 Primrose St,3,h,1065000.0,10/12/2016,1.0,1.0,395.0,109.0,-37.7593,144.9276
ID510323917,1/1 Clarendon St,3,t,675000.0,22/04/2017,2.0,2.0,159.0,3.0,-37.785,144.8673
ID511721405,35 Auburn Gr,3,h,2102000.0,20/05/2017,2.0,1.0,271.0,34.0,-37.8256,145.0486
ID641898797,39 Barry St,3,h,1710000.0,4/06/2016,1.0,1.0,247.0,129.0,-37.7798,144.9952
ID143883413,3/134 Cooper St,2,u,585000.0,15/10/2016,1.0,1.0,160.0,44.0,-37.7421,144.8995
ID410564079,2C Castlemaine St,3,h,1425000.0,29/04/2017,3.0,2.0,305.0,12.0,-37.8149,144.8942
ID487468474,4 Isla St,3,h,685000.0,10/12/2016,1.0,3.0,592.0,29.0,-37.7751,144.8342
ID554172031,404 Bay St,2,h,1016500.0,10/09/2016,1.0,1.0,131.0,19.0,-37.8352,144.9458
ID243132493,3/7 Mattea Ct,2,u,380000.0,13/08/2016,1.0,1.0,220.0,8.0,-37.7327,145.0347
ID486880087,44 Quarry Cct,2,u,425000.0,30/07/2016,2.0,1.0,0.0,49.0,-37.7363,144.9723
ID823377025,2 Hood St,4,h,1158000.0,23/04/2016,1.0,3.0,411.0,109.0,-37.8117,144.8873
ID457337147,11 Findon St,2,h,1036000.0,3/12/2016,1.0,1.0,310.0,109.0,-37.8717,145.0399
ID510323917,1/1 Clarendon St,3,t,675000.0,22/04/2017,2.0,2.0,159.0,3.0,-37.785,144.8673
ID649906601,32 Holloway Rd,3,h,1405000.0,27/05/2017,2.0,2.0,401.0,99.0,-37.76491,144.95253
ID389796537,2 Francis St,3,h,1032000.0,24/09/2016,1.0,0.0,128.0,119.0,-37.8198,145.0026
ID256678704,5 Barmah Gra,4,h,715000.0,24/06/2017,2.0,2.0,680.0,8.0,-37.612359999999995,144.90753
ID291331294,69 Bowen Rd,4,h,1470000.0,3/09/2017,2.0,2.0,775.0,49.0,-37.80126,145.1665
ID999523467,26 Clarendon St,4,h,665000.0,22/07/2017,1.0,1.0,538.0,59.0,-37.76518,144.85621
ID390070854,72d Oakover Rd,3,t,875000.0,24/06/2017,2.0,2.0,214.0,79.0,-37.74886,144.99225
ID616311190,37/151 Fitzroy St,2,u,571000.0,12/06/2016,1.0,1.0,7458.0,18.0,-37.8591,144.97899999999996
ID776086189,721 Ballarat Rd,3,h,730000.0,19/08/2017,2.0,2.0,739.0,49.0,-37.77245,144.8001
ID642216509,13 Anthony Cl,5,h,880000.0,1/07/2017,2.0,2.0,725.0,11.0,-37.72399,145.12069
ID500936525,2/825 Park St,1,u,440000.0,22/08/2016,1.0,1.0,0.0,129.0,-37.7769,144.9523
